Date received,"BANK OF AMERICA, NATIONAL ASSOCIATION",CAPITAL ONE FINANCIAL CORPORATION,"CITIBANK, N.A.","EQUIFAX, INC.",Experian Information Solutions Inc.,JPMORGAN CHASE & CO.,"Navient Solutions, LLC.",SYNCHRONY FINANCIAL,"TRANSUNION INTERMEDIATE HOLDINGS, INC.",WELLS FARGO & COMPANY
2015-12-13,11.0,3.0,6.0,19.0,9.0,1.0,null,5.0,8.0,6.0
2015-12-14,22.0,6.0,22.0,36.0,31.0,17.0,6.0,11.0,28.0,26.0
2015-12-15,34.0,12.0,23.0,35.0,26.0,19.0,6.0,9.0,25.0,33.0
2015-12-16,23.0,16.0,21.0,35.0,34.0,25.0,7.0,4.0,35.0,27.0
2015-12-17,27.0,11.0,21.0,29.0,23.0,11.0,10.0,8.0,26.0,17.0
2015-12-18,26.0,9.0,13.0,30.0,26.0,22.0,6.0,5.0,26.0,23.0
2015-12-19,9.0,6.0,8.0,10.0,21.0,8.0,1.0,5.0,18.0,7.0
2015-12-20,6.0,2.0,9.0,11.0,14.0,10.0,null,2.0,9.0,8.0
2015-12-21,26.0,14.0,20.0,54.0,37.0,24.0,1.0,15.0,40.0,24.0
2015-12-22,27.0,13.0,24.0,56.0,38.0,36.0,5.0,12.0,29.0,32.0
2015-12-23,23.0,7.0,12.0,23.0,21.0,20.0,2.0,6.0,17.0,28.0
2015-12-24,29.0,8.0,12.0,16.0,12.0,17.0,3.0,3.0,9.0,10.0
2015-12-25,7.0,4.0,5.0,8.0,8.0,7.0,1.0,1.0,6.0,3.0
2015-12-26,6.0,3.0,6.0,14.0,5.0,5.0,2.0,3.0,10.0,4.0
2015-12-27,6.0,6.0,12.0,3.0,10.0,4.0,3.0,2.0,5.0,3.0
2015-12-28,21.0,17.0,30.0,29.0,32.0,22.0,3.0,8.0,28.0,25.0
2015-12-29,25.0,24.0,20.0,51.0,58.0,22.0,7.0,11.0,49.0,29.0
2015-12-30,32.0,10.0,20.0,50.0,39.0,28.0,5.0,14.0,41.0,40.0
2015-12-31,24.0,8.0,15.0,40.0,45.0,24.0,4.0,11.0,31.0,24.0
2016-01-01,7.0,3.0,7.0,13.0,13.0,5.0,2.0,2.0,12.0,3.0
2016-01-02,3.0,6.0,5.0,15.0,17.0,7.0,4.0,3.0,11.0,3.0
2016-01-03,2.0,6.0,7.0,17.0,13.0,5.0,1.0,6.0,14.0,2.0
2016-01-04,31.0,13.0,16.0,45.0,28.0,27.0,6.0,15.0,38.0,24.0
2016-01-05,41.0,11.0,41.0,37.0,28.0,41.0,6.0,15.0,34.0,29.0
2016-01-06,30.0,12.0,17.0,51.0,37.0,29.0,6.0,12.0,27.0,28.0
2016-01-07,33.0,19.0,19.0,52.0,35.0,43.0,11.0,9.0,33.0,36.0
2016-01-08,30.0,11.0,20.0,29.0,30.0,30.0,9.0,10.0,12.0,29.0
2016-01-09,13.0,3.0,9.0,16.0,14.0,6.0,3.0,3.0,19.0,7.0
2016-01-10,7.0,9.0,6.0,11.0,12.0,10.0,2.0,3.0,14.0,8.0
2016-01-11,42.0,16.0,18.0,45.0,45.0,24.0,6.0,7.0,29.0,38.0
2016-01-12,34.0,19.0,30.0,67.0,53.0,40.0,9.0,12.0,45.0,39.0
2016-01-13,42.0,12.0,22.0,54.0,54.0,26.0,8.0,12.0,38.0,31.0
2016-01-14,47.0,19.0,28.0,50.0,37.0,52.0,5.0,11.0,25.0,72.0
2016-01-15,49.0,17.0,32.0,30.0,18.0,38.0,7.0,14.0,20.0,57.0
2016-01-16,28.0,7.0,8.0,14.0,15.0,23.0,2.0,5.0,9.0,20.0
2016-01-17,6.0,5.0,7.0,15.0,4.0,7.0,2.0,1.0,11.0,8.0
2016-01-18,12.0,3.0,11.0,22.0,25.0,8.0,3.0,6.0,16.0,11.0
2016-01-19,32.0,17.0,25.0,41.0,35.0,27.0,9.0,10.0,36.0,25.0
2016-01-20,38.0,14.0,22.0,36.0,32.0,38.0,13.0,12.0,32.0,32.0
2016-01-21,40.0,7.0,19.0,50.0,42.0,46.0,9.0,10.0,44.0,41.0
2016-01-22,29.0,12.0,19.0,30.0,36.0,26.0,7.0,13.0,22.0,28.0
2016-01-23,11.0,6.0,13.0,19.0,18.0,9.0,2.0,5.0,25.0,11.0
2016-01-24,5.0,6.0,6.0,13.0,13.0,6.0,null,1.0,10.0,9.0
2016-01-25,34.0,6.0,20.0,38.0,28.0,35.0,10.0,8.0,28.0,22.0
2016-01-26,49.0,19.0,31.0,67.0,37.0,45.0,11.0,17.0,40.0,63.0
2016-01-27,47.0,15.0,27.0,43.0,38.0,37.0,12.0,9.0,24.0,49.0
2016-01-28,37.0,11.0,21.0,44.0,47.0,23.0,6.0,13.0,34.0,33.0
2016-01-29,24.0,10.0,21.0,37.0,33.0,23.0,11.0,5.0,28.0,40.0
2016-01-30,12.0,5.0,6.0,14.0,6.0,7.0,4.0,5.0,10.0,7.0
2016-01-31,12.0,1.0,4.0,16.0,7.0,8.0,3.0,2.0,7.0,4.0
2016-02-01,21.0,8.0,27.0,53.0,50.0,31.0,8.0,10.0,37.0,26.0
2016-02-02,43.0,17.0,24.0,48.0,47.0,37.0,8.0,7.0,30.0,41.0
2016-02-03,40.0,19.0,24.0,51.0,49.0,19.0,8.0,12.0,32.0,34.0
2016-02-04,28.0,10.0,21.0,38.0,29.0,34.0,10.0,11.0,26.0,34.0
2016-02-05,24.0,15.0,18.0,42.0,35.0,22.0,11.0,12.0,34.0,29.0
2016-02-06,6.0,7.0,12.0,13.0,22.0,11.0,4.0,3.0,13.0,6.0
2016-02-07,5.0,4.0,10.0,14.0,22.0,7.0,2.0,3.0,11.0,6.0
2016-02-08,32.0,18.0,21.0,39.0,66.0,35.0,7.0,11.0,31.0,33.0
2016-02-09,42.0,19.0,32.0,43.0,42.0,40.0,9.0,9.0,38.0,44.0
2016-02-10,32.0,17.0,33.0,41.0,53.0,27.0,12.0,10.0,40.0,35.0
2016-02-11,34.0,21.0,27.0,61.0,40.0,34.0,7.0,10.0,32.0,35.0
2016-02-12,28.0,16.0,24.0,35.0,41.0,29.0,4.0,5.0,34.0,25.0
2016-02-13,9.0,3.0,14.0,11.0,11.0,7.0,null,4.0,11.0,8.0
2016-02-14,7.0,4.0,1.0,9.0,10.0,4.0,3.0,3.0,11.0,8.0
2016-02-15,12.0,7.0,15.0,43.0,19.0,17.0,8.0,8.0,20.0,7.0
2016-02-16,22.0,10.0,12.0,51.0,49.0,24.0,7.0,8.0,42.0,31.0
2016-02-17,46.0,12.0,24.0,54.0,42.0,36.0,5.0,9.0,26.0,42.0
2016-02-18,33.0,14.0,24.0,41.0,54.0,37.0,15.0,17.0,38.0,39.0
2016-02-19,26.0,12.0,19.0,43.0,39.0,27.0,7.0,9.0,31.0,29.0
2016-02-20,10.0,2.0,14.0,19.0,13.0,10.0,1.0,2.0,17.0,10.0
2016-02-21,2.0,6.0,7.0,15.0,13.0,7.0,2.0,5.0,9.0,5.0
2016-02-22,36.0,18.0,22.0,37.0,34.0,30.0,10.0,5.0,32.0,30.0
2016-02-23,53.0,17.0,34.0,54.0,52.0,42.0,15.0,7.0,40.0,42.0
2016-02-24,37.0,15.0,22.0,53.0,52.0,34.0,6.0,14.0,47.0,41.0
2016-02-25,38.0,11.0,21.0,50.0,41.0,24.0,12.0,13.0,37.0,35.0
2016-02-26,18.0,7.0,27.0,28.0,32.0,18.0,9.0,11.0,30.0,27.0
2016-02-27,9.0,5.0,13.0,11.0,16.0,5.0,5.0,4.0,19.0,10.0
2016-02-28,5.0,3.0,8.0,14.0,14.0,9.0,5.0,1.0,6.0,8.0
2016-02-29,39.0,19.0,20.0,41.0,46.0,25.0,10.0,10.0,30.0,17.0
2016-03-01,39.0,22.0,34.0,54.0,46.0,44.0,19.0,16.0,41.0,32.0
2016-03-02,30.0,20.0,25.0,66.0,52.0,33.0,20.0,13.0,38.0,31.0
2016-03-03,42.0,15.0,29.0,43.0,39.0,42.0,6.0,5.0,37.0,48.0
2016-03-04,21.0,16.0,28.0,48.0,47.0,24.0,9.0,6.0,37.0,22.0
2016-03-05,16.0,8.0,10.0,28.0,19.0,8.0,3.0,4.0,19.0,10.0
2016-03-06,1.0,3.0,7.0,27.0,19.0,7.0,2.0,6.0,14.0,6.0
2016-03-07,28.0,11.0,24.0,41.0,33.0,25.0,14.0,11.0,33.0,21.0
2016-03-08,35.0,16.0,25.0,72.0,65.0,28.0,20.0,5.0,39.0,34.0
2016-03-09,28.0,15.0,19.0,38.0,43.0,36.0,18.0,10.0,37.0,47.0
2016-03-10,27.0,14.0,20.0,42.0,31.0,28.0,15.0,7.0,32.0,30.0
2016-03-11,55.0,8.0,28.0,50.0,28.0,36.0,8.0,13.0,29.0,32.0
2016-03-12,8.0,5.0,10.0,15.0,16.0,7.0,4.0,3.0,15.0,10.0
2016-03-13,3.0,6.0,10.0,25.0,12.0,5.0,2.0,6.0,10.0,2.0
2016-03-14,39.0,16.0,19.0,40.0,36.0,27.0,16.0,9.0,35.0,24.0
2016-03-15,42.0,13.0,34.0,71.0,64.0,34.0,17.0,16.0,42.0,58.0
2016-03-16,34.0,22.0,26.0,71.0,46.0,32.0,12.0,10.0,52.0,31.0
2016-03-17,38.0,11.0,21.0,65.0,64.0,32.0,15.0,17.0,49.0,31.0
2016-03-18,27.0,12.0,16.0,67.0,59.0,32.0,21.0,16.0,64.0,18.0
2016-03-19,10.0,4.0,10.0,22.0,26.0,10.0,4.0,3.0,19.0,13.0
2016-03-20,5.0,5.0,8.0,21.0,23.0,8.0,7.0,4.0,23.0,5.0
2016-03-21,34.0,9.0,25.0,61.0,47.0,27.0,19.0,6.0,45.0,27.0
2016-03-22,47.0,14.0,28.0,56.0,50.0,33.0,9.0,8.0,43.0,31.0
2016-03-23,38.0,5.0,14.0,59.0,63.0,31.0,9.0,8.0,45.0,43.0
2016-03-24,32.0,11.0,23.0,65.0,47.0,24.0,13.0,11.0,59.0,34.0
2016-03-25,26.0,13.0,22.0,51.0,44.0,16.0,12.0,4.0,34.0,32.0
2016-03-26,4.0,2.0,6.0,21.0,12.0,5.0,8.0,5.0,16.0,9.0
2016-03-27,5.0,1.0,null,19.0,13.0,3.0,3.0,1.0,13.0,10.0
2016-03-28,32.0,8.0,26.0,48.0,35.0,30.0,14.0,11.0,42.0,25.0
2016-03-29,43.0,11.0,24.0,62.0,50.0,39.0,18.0,9.0,43.0,55.0
2016-03-30,37.0,11.0,18.0,81.0,74.0,37.0,17.0,7.0,64.0,31.0
2016-03-31,23.0,13.0,17.0,70.0,72.0,21.0,6.0,10.0,46.0,48.0
2016-04-01,34.0,15.0,26.0,57.0,42.0,27.0,17.0,5.0,37.0,35.0
2016-04-02,7.0,2.0,6.0,15.0,14.0,2.0,6.0,1.0,8.0,7.0
2016-04-03,7.0,5.0,5.0,17.0,13.0,5.0,3.0,5.0,23.0,6.0
2016-04-04,27.0,7.0,29.0,55.0,40.0,34.0,11.0,6.0,31.0,31.0
2016-04-05,45.0,13.0,23.0,48.0,46.0,28.0,14.0,9.0,40.0,28.0
2016-04-06,43.0,17.0,32.0,68.0,61.0,36.0,34.0,10.0,51.0,40.0
2016-04-07,35.0,20.0,22.0,54.0,46.0,27.0,24.0,7.0,46.0,28.0
2016-04-08,32.0,14.0,27.0,40.0,37.0,21.0,23.0,11.0,44.0,35.0
2016-04-09,12.0,5.0,9.0,17.0,20.0,10.0,7.0,3.0,17.0,11.0
2016-04-10,7.0,5.0,8.0,19.0,18.0,4.0,7.0,1.0,11.0,10.0
2016-04-11,38.0,15.0,34.0,69.0,57.0,32.0,18.0,7.0,49.0,24.0
2016-04-12,46.0,21.0,32.0,56.0,78.0,50.0,28.0,9.0,45.0,55.0
2016-04-13,40.0,8.0,27.0,73.0,53.0,22.0,21.0,9.0,44.0,30.0
2016-04-14,23.0,14.0,27.0,54.0,50.0,25.0,10.0,10.0,48.0,31.0
2016-04-15,45.0,15.0,40.0,52.0,59.0,30.0,18.0,5.0,48.0,39.0
2016-04-16,8.0,9.0,6.0,20.0,14.0,6.0,10.0,4.0,15.0,9.0
2016-04-17,8.0,4.0,6.0,13.0,22.0,7.0,7.0,2.0,14.0,7.0
2016-04-18,34.0,14.0,27.0,51.0,38.0,31.0,14.0,7.0,39.0,22.0
2016-04-19,33.0,11.0,19.0,38.0,47.0,39.0,14.0,10.0,29.0,29.0
2016-04-20,45.0,17.0,31.0,52.0,46.0,37.0,19.0,7.0,41.0,36.0
2016-04-21,38.0,14.0,24.0,60.0,51.0,35.0,17.0,5.0,49.0,33.0
2016-04-22,27.0,21.0,14.0,39.0,45.0,28.0,9.0,6.0,38.0,30.0
2016-04-23,8.0,6.0,7.0,19.0,20.0,1.0,6.0,null,13.0,11.0
2016-04-24,2.0,2.0,8.0,21.0,14.0,11.0,4.0,2.0,13.0,9.0
2016-04-25,36.0,11.0,20.0,44.0,43.0,27.0,15.0,12.0,42.0,31.0
2016-04-26,35.0,9.0,22.0,78.0,70.0,31.0,8.0,10.0,71.0,37.0
2016-04-27,31.0,9.0,23.0,86.0,76.0,24.0,12.0,11.0,70.0,36.0
2016-04-28,27.0,10.0,32.0,66.0,50.0,24.0,19.0,11.0,45.0,39.0
2016-04-29,29.0,10.0,23.0,58.0,44.0,31.0,13.0,9.0,48.0,28.0
2016-04-30,9.0,3.0,8.0,14.0,12.0,10.0,2.0,4.0,14.0,4.0
2016-05-01,7.0,3.0,8.0,15.0,21.0,8.0,5.0,10.0,11.0,5.0
2016-05-02,32.0,12.0,28.0,69.0,61.0,31.0,16.0,3.0,53.0,22.0
2016-05-03,47.0,12.0,24.0,66.0,108.0,36.0,7.0,7.0,37.0,39.0
2016-05-04,26.0,12.0,26.0,54.0,41.0,28.0,18.0,5.0,48.0,41.0
2016-05-05,34.0,17.0,32.0,70.0,58.0,38.0,13.0,14.0,43.0,21.0
2016-05-06,30.0,11.0,26.0,52.0,35.0,18.0,10.0,4.0,34.0,22.0
2016-05-07,11.0,7.0,12.0,18.0,14.0,9.0,5.0,9.0,19.0,10.0
2016-05-08,5.0,2.0,15.0,16.0,28.0,6.0,3.0,1.0,26.0,4.0
2016-05-09,41.0,12.0,30.0,44.0,42.0,19.0,16.0,10.0,50.0,25.0
2016-05-10,35.0,11.0,20.0,84.0,65.0,49.0,11.0,3.0,64.0,39.0
2016-05-11,32.0,12.0,30.0,71.0,88.0,45.0,16.0,13.0,53.0,48.0
2016-05-12,27.0,12.0,25.0,66.0,57.0,29.0,11.0,10.0,42.0,30.0
2016-05-13,24.0,12.0,28.0,39.0,28.0,22.0,18.0,10.0,24.0,26.0
2016-05-14,10.0,3.0,13.0,24.0,12.0,13.0,3.0,3.0,13.0,10.0
2016-05-15,8.0,2.0,7.0,30.0,27.0,10.0,5.0,6.0,11.0,3.0
2016-05-16,30.0,14.0,28.0,60.0,43.0,39.0,15.0,8.0,57.0,28.0
2016-05-17,24.0,12.0,20.0,64.0,54.0,32.0,12.0,11.0,46.0,40.0
2016-05-18,36.0,13.0,24.0,70.0,50.0,33.0,26.0,10.0,49.0,35.0
2016-05-19,25.0,17.0,26.0,57.0,41.0,31.0,15.0,9.0,47.0,39.0
2016-05-20,34.0,5.0,38.0,35.0,26.0,19.0,18.0,4.0,28.0,30.0
2016-05-21,13.0,5.0,13.0,24.0,10.0,6.0,3.0,3.0,9.0,4.0
2016-05-22,2.0,5.0,14.0,12.0,22.0,9.0,1.0,2.0,14.0,7.0
2016-05-23,31.0,7.0,32.0,61.0,29.0,28.0,10.0,7.0,36.0,29.0
2016-05-24,43.0,17.0,38.0,65.0,57.0,33.0,19.0,4.0,38.0,39.0
2016-05-25,53.0,15.0,44.0,59.0,57.0,34.0,12.0,6.0,40.0,56.0
2016-05-26,35.0,25.0,30.0,61.0,57.0,31.0,11.0,9.0,38.0,39.0
2016-05-27,22.0,10.0,36.0,48.0,36.0,30.0,12.0,9.0,37.0,35.0
2016-05-28,6.0,7.0,13.0,17.0,18.0,9.0,3.0,4.0,16.0,7.0
2016-05-29,9.0,6.0,6.0,14.0,9.0,4.0,3.0,3.0,6.0,6.0
2016-05-30,6.0,5.0,9.0,25.0,14.0,7.0,1.0,5.0,18.0,7.0
2016-05-31,33.0,12.0,26.0,52.0,34.0,25.0,8.0,13.0,29.0,26.0
2016-06-01,37.0,7.0,43.0,56.0,37.0,29.0,9.0,10.0,38.0,38.0
2016-06-02,42.0,17.0,35.0,59.0,45.0,23.0,10.0,5.0,38.0,32.0
2016-06-03,34.0,10.0,43.0,69.0,57.0,22.0,12.0,6.0,49.0,35.0
2016-06-04,5.0,3.0,12.0,17.0,24.0,12.0,null,3.0,14.0,6.0
2016-06-05,8.0,5.0,7.0,28.0,10.0,8.0,null,null,15.0,4.0
2016-06-06,38.0,11.0,32.0,56.0,47.0,28.0,12.0,3.0,53.0,26.0
2016-06-07,32.0,12.0,45.0,77.0,66.0,35.0,18.0,12.0,51.0,38.0
2016-06-08,47.0,13.0,53.0,62.0,54.0,35.0,10.0,11.0,44.0,39.0
2016-06-09,28.0,16.0,36.0,76.0,63.0,27.0,10.0,5.0,46.0,25.0
2016-06-10,36.0,10.0,38.0,45.0,47.0,27.0,8.0,8.0,35.0,30.0
2016-06-11,9.0,3.0,16.0,23.0,11.0,4.0,1.0,4.0,15.0,8.0
2016-06-12,12.0,5.0,20.0,18.0,17.0,10.0,5.0,4.0,11.0,4.0
2016-06-13,19.0,17.0,23.0,52.0,35.0,25.0,11.0,9.0,38.0,33.0
2016-06-14,44.0,12.0,33.0,63.0,40.0,26.0,11.0,8.0,49.0,43.0
2016-06-15,34.0,16.0,36.0,90.0,50.0,35.0,10.0,4.0,46.0,33.0
2016-06-16,43.0,13.0,41.0,44.0,50.0,29.0,11.0,9.0,45.0,32.0
2016-06-17,25.0,11.0,47.0,39.0,26.0,19.0,7.0,8.0,31.0,25.0
2016-06-18,11.0,6.0,27.0,19.0,14.0,13.0,2.0,5.0,17.0,5.0
2016-06-19,6.0,2.0,9.0,12.0,9.0,4.0,2.0,1.0,12.0,6.0
2016-06-20,31.0,16.0,41.0,54.0,58.0,26.0,8.0,10.0,41.0,26.0
2016-06-21,29.0,26.0,40.0,65.0,53.0,29.0,13.0,11.0,43.0,42.0
2016-06-22,29.0,18.0,42.0,54.0,45.0,26.0,7.0,12.0,43.0,34.0
2016-06-23,39.0,9.0,44.0,71.0,63.0,30.0,20.0,8.0,56.0,33.0
2016-06-24,39.0,14.0,26.0,50.0,27.0,22.0,13.0,8.0,28.0,32.0
2016-06-25,10.0,6.0,14.0,24.0,22.0,9.0,6.0,7.0,16.0,10.0
2016-06-26,9.0,7.0,9.0,25.0,20.0,2.0,2.0,3.0,22.0,4.0
2016-06-27,31.0,16.0,40.0,49.0,27.0,22.0,10.0,4.0,35.0,34.0
2016-06-28,41.0,6.0,45.0,70.0,54.0,32.0,6.0,8.0,53.0,29.0
2016-06-29,27.0,16.0,39.0,70.0,58.0,30.0,10.0,14.0,63.0,30.0
2016-06-30,34.0,11.0,50.0,50.0,90.0,30.0,8.0,5.0,50.0,29.0
2016-07-01,29.0,17.0,36.0,45.0,31.0,27.0,13.0,8.0,30.0,24.0
2016-07-02,8.0,3.0,15.0,23.0,24.0,4.0,2.0,2.0,19.0,12.0
2016-07-03,9.0,4.0,13.0,25.0,9.0,5.0,1.0,1.0,19.0,6.0
2016-07-04,5.0,3.0,18.0,19.0,13.0,10.0,3.0,3.0,15.0,6.0
2016-07-05,29.0,13.0,48.0,36.0,38.0,20.0,8.0,6.0,30.0,26.0
2016-07-06,23.0,16.0,50.0,83.0,74.0,24.0,6.0,17.0,236.0,34.0
2016-07-07,28.0,14.0,60.0,50.0,52.0,27.0,14.0,12.0,104.0,37.0
2016-07-08,36.0,16.0,42.0,52.0,27.0,29.0,15.0,14.0,45.0,23.0
2016-07-09,3.0,7.0,21.0,24.0,14.0,7.0,3.0,5.0,24.0,7.0
2016-07-10,9.0,2.0,20.0,21.0,20.0,5.0,1.0,8.0,22.0,5.0
2016-07-11,28.0,20.0,35.0,40.0,38.0,27.0,11.0,7.0,38.0,38.0
2016-07-12,35.0,12.0,47.0,53.0,49.0,35.0,16.0,10.0,47.0,25.0
2016-07-13,48.0,16.0,45.0,101.0,75.0,30.0,12.0,19.0,68.0,33.0
2016-07-14,24.0,15.0,33.0,50.0,57.0,27.0,12.0,9.0,61.0,33.0
2016-07-15,37.0,5.0,45.0,59.0,51.0,27.0,8.0,7.0,60.0,23.0
2016-07-16,6.0,3.0,18.0,29.0,22.0,4.0,3.0,9.0,30.0,9.0
2016-07-17,7.0,2.0,11.0,11.0,9.0,7.0,2.0,2.0,13.0,8.0
2016-07-18,25.0,5.0,42.0,41.0,48.0,28.0,4.0,8.0,50.0,18.0
2016-07-19,36.0,10.0,51.0,57.0,56.0,33.0,9.0,15.0,48.0,42.0
2016-07-20,35.0,16.0,37.0,55.0,47.0,22.0,10.0,7.0,38.0,32.0
2016-07-21,31.0,11.0,33.0,54.0,66.0,23.0,9.0,15.0,69.0,29.0
2016-07-22,21.0,14.0,46.0,70.0,60.0,26.0,13.0,9.0,42.0,38.0
2016-07-23,11.0,5.0,24.0,32.0,22.0,9.0,3.0,5.0,30.0,9.0
2016-07-24,7.0,2.0,21.0,21.0,13.0,6.0,1.0,1.0,21.0,5.0
2016-07-25,25.0,14.0,40.0,66.0,70.0,26.0,12.0,8.0,55.0,28.0
2016-07-26,40.0,21.0,47.0,109.0,107.0,38.0,16.0,16.0,67.0,38.0
2016-07-27,45.0,15.0,51.0,91.0,95.0,45.0,10.0,11.0,69.0,48.0
2016-07-28,32.0,17.0,44.0,82.0,78.0,27.0,13.0,6.0,52.0,30.0
2016-07-29,36.0,9.0,41.0,45.0,61.0,36.0,18.0,10.0,39.0,41.0
2016-07-30,11.0,3.0,10.0,13.0,17.0,8.0,4.0,2.0,17.0,7.0
2016-07-31,8.0,4.0,17.0,26.0,14.0,10.0,3.0,7.0,16.0,4.0
2016-08-01,27.0,21.0,26.0,34.0,53.0,23.0,7.0,12.0,21.0,14.0
2016-08-02,25.0,26.0,56.0,78.0,59.0,47.0,17.0,9.0,50.0,30.0
2016-08-03,30.0,13.0,40.0,76.0,71.0,36.0,16.0,7.0,50.0,47.0
2016-08-04,35.0,21.0,34.0,70.0,62.0,39.0,7.0,12.0,45.0,31.0
2016-08-05,31.0,11.0,36.0,45.0,37.0,20.0,9.0,7.0,43.0,31.0
2016-08-06,5.0,4.0,19.0,21.0,16.0,9.0,6.0,7.0,20.0,9.0
2016-08-07,12.0,6.0,14.0,17.0,24.0,5.0,2.0,2.0,19.0,5.0
2016-08-08,37.0,12.0,37.0,65.0,44.0,26.0,13.0,15.0,47.0,43.0
2016-08-09,33.0,18.0,37.0,71.0,63.0,29.0,19.0,11.0,47.0,41.0
2016-08-10,44.0,12.0,29.0,56.0,39.0,26.0,12.0,10.0,45.0,34.0
2016-08-11,33.0,16.0,31.0,73.0,48.0,36.0,17.0,20.0,51.0,37.0
2016-08-12,39.0,15.0,29.0,56.0,53.0,43.0,6.0,5.0,38.0,31.0
2016-08-13,6.0,6.0,19.0,29.0,19.0,6.0,5.0,7.0,16.0,10.0
2016-08-14,6.0,4.0,11.0,30.0,13.0,6.0,5.0,2.0,13.0,5.0
2016-08-15,28.0,13.0,30.0,50.0,56.0,29.0,5.0,13.0,35.0,24.0
2016-08-16,48.0,18.0,37.0,75.0,70.0,60.0,16.0,12.0,40.0,50.0
2016-08-17,44.0,16.0,36.0,60.0,52.0,25.0,7.0,8.0,53.0,30.0
2016-08-18,45.0,15.0,30.0,47.0,42.0,32.0,8.0,8.0,38.0,33.0
2016-08-19,31.0,12.0,36.0,56.0,41.0,27.0,8.0,14.0,29.0,22.0
2016-08-20,11.0,6.0,18.0,13.0,14.0,5.0,5.0,6.0,20.0,3.0
2016-08-21,6.0,2.0,12.0,22.0,13.0,9.0,2.0,4.0,9.0,3.0
2016-08-22,27.0,11.0,31.0,33.0,40.0,25.0,14.0,13.0,38.0,36.0
2016-08-23,49.0,14.0,37.0,62.0,51.0,49.0,10.0,10.0,46.0,50.0
2016-08-24,42.0,27.0,40.0,44.0,43.0,53.0,14.0,4.0,30.0,24.0
2016-08-25,45.0,26.0,33.0,46.0,46.0,31.0,11.0,10.0,38.0,30.0
2016-08-26,36.0,10.0,32.0,37.0,27.0,26.0,9.0,8.0,23.0,32.0
2016-08-27,13.0,8.0,18.0,29.0,20.0,9.0,9.0,7.0,15.0,11.0
2016-08-28,8.0,8.0,10.0,17.0,16.0,8.0,3.0,2.0,14.0,7.0
2016-08-29,31.0,23.0,46.0,46.0,53.0,44.0,6.0,13.0,44.0,25.0
2016-08-30,44.0,36.0,36.0,72.0,56.0,46.0,13.0,7.0,48.0,46.0
2016-08-31,41.0,16.0,37.0,73.0,57.0,33.0,11.0,12.0,52.0,49.0
2016-09-01,27.0,10.0,35.0,48.0,32.0,29.0,11.0,14.0,39.0,31.0
2016-09-02,29.0,9.0,18.0,26.0,29.0,23.0,8.0,11.0,23.0,24.0
2016-09-03,7.0,5.0,14.0,19.0,13.0,9.0,6.0,8.0,15.0,7.0
2016-09-04,3.0,6.0,9.0,13.0,13.0,4.0,3.0,3.0,9.0,7.0
2016-09-05,7.0,9.0,7.0,13.0,16.0,4.0,8.0,2.0,10.0,9.0
2016-09-06,20.0,18.0,31.0,64.0,40.0,28.0,13.0,13.0,29.0,32.0
2016-09-07,47.0,21.0,37.0,57.0,50.0,36.0,26.0,12.0,34.0,46.0
2016-09-08,44.0,23.0,32.0,64.0,35.0,34.0,13.0,18.0,32.0,69.0
2016-09-09,45.0,15.0,31.0,61.0,72.0,35.0,10.0,19.0,38.0,110.0
2016-09-10,11.0,5.0,12.0,22.0,10.0,7.0,5.0,5.0,9.0,31.0
2016-09-11,9.0,4.0,4.0,13.0,11.0,5.0,6.0,9.0,9.0,14.0
2016-09-12,34.0,15.0,27.0,50.0,29.0,28.0,12.0,9.0,42.0,70.0
2016-09-13,46.0,11.0,31.0,74.0,77.0,30.0,11.0,14.0,67.0,90.0
2016-09-14,57.0,17.0,39.0,55.0,40.0,34.0,8.0,14.0,37.0,89.0
2016-09-15,42.0,11.0,21.0,53.0,36.0,37.0,9.0,15.0,46.0,60.0
2016-09-16,17.0,19.0,22.0,57.0,30.0,24.0,12.0,11.0,40.0,63.0
2016-09-17,12.0,4.0,17.0,19.0,13.0,8.0,2.0,5.0,8.0,21.0
2016-09-18,10.0,1.0,13.0,10.0,13.0,6.0,4.0,5.0,9.0,12.0
2016-09-19,44.0,14.0,24.0,53.0,40.0,34.0,13.0,5.0,41.0,52.0
2016-09-20,43.0,13.0,41.0,81.0,59.0,53.0,14.0,15.0,78.0,91.0
2016-09-21,47.0,22.0,40.0,59.0,41.0,42.0,10.0,10.0,41.0,80.0
2016-09-22,29.0,22.0,40.0,66.0,61.0,36.0,12.0,11.0,44.0,73.0
2016-09-23,39.0,15.0,21.0,64.0,52.0,32.0,13.0,9.0,45.0,67.0
2016-09-24,16.0,6.0,11.0,30.0,15.0,12.0,6.0,4.0,31.0,17.0
2016-09-25,14.0,11.0,11.0,20.0,16.0,8.0,7.0,3.0,30.0,21.0
2016-09-26,45.0,16.0,30.0,56.0,35.0,33.0,15.0,14.0,46.0,70.0
2016-09-27,64.0,13.0,43.0,74.0,74.0,35.0,16.0,17.0,72.0,74.0
2016-09-28,32.0,22.0,32.0,72.0,61.0,32.0,5.0,15.0,66.0,82.0
2016-09-29,41.0,21.0,32.0,50.0,38.0,51.0,17.0,12.0,42.0,94.0
2016-09-30,26.0,15.0,32.0,46.0,36.0,21.0,10.0,7.0,37.0,85.0
2016-10-01,11.0,8.0,12.0,23.0,17.0,13.0,6.0,6.0,23.0,28.0
2016-10-02,12.0,5.0,13.0,19.0,16.0,6.0,5.0,8.0,17.0,18.0
2016-10-03,55.0,12.0,35.0,66.0,65.0,44.0,13.0,9.0,56.0,65.0
2016-10-04,55.0,18.0,34.0,74.0,58.0,33.0,9.0,8.0,73.0,68.0
2016-10-05,41.0,17.0,32.0,55.0,50.0,43.0,14.0,12.0,69.0,69.0
2016-10-06,40.0,22.0,30.0,61.0,62.0,29.0,8.0,17.0,84.0,58.0
2016-10-07,27.0,11.0,30.0,44.0,35.0,29.0,7.0,11.0,76.0,62.0
2016-10-08,5.0,3.0,12.0,15.0,19.0,13.0,5.0,3.0,25.0,16.0
2016-10-09,9.0,2.0,4.0,29.0,15.0,11.0,2.0,2.0,26.0,12.0
2016-10-10,20.0,5.0,13.0,48.0,36.0,22.0,6.0,4.0,50.0,30.0
2016-10-11,43.0,16.0,33.0,59.0,70.0,27.0,14.0,16.0,62.0,51.0
2016-10-12,40.0,16.0,27.0,47.0,47.0,20.0,14.0,7.0,61.0,56.0
2016-10-13,34.0,19.0,20.0,79.0,52.0,36.0,12.0,16.0,105.0,59.0
2016-10-14,30.0,7.0,24.0,70.0,46.0,36.0,11.0,7.0,133.0,50.0
2016-10-15,14.0,1.0,12.0,39.0,19.0,13.0,4.0,4.0,48.0,17.0
2016-10-16,8.0,4.0,10.0,28.0,19.0,16.0,6.0,2.0,42.0,7.0
2016-10-17,35.0,10.0,29.0,44.0,38.0,30.0,7.0,16.0,67.0,68.0
2016-10-18,48.0,20.0,38.0,67.0,54.0,26.0,15.0,13.0,45.0,69.0
2016-10-19,29.0,9.0,28.0,48.0,43.0,33.0,6.0,16.0,48.0,62.0
2016-10-20,34.0,18.0,33.0,69.0,51.0,33.0,8.0,10.0,68.0,57.0
2016-10-21,41.0,19.0,33.0,41.0,46.0,35.0,10.0,8.0,45.0,67.0
2016-10-22,6.0,9.0,10.0,17.0,11.0,8.0,4.0,4.0,23.0,12.0
2016-10-23,10.0,7.0,9.0,15.0,12.0,6.0,3.0,7.0,20.0,9.0
2016-10-24,32.0,18.0,23.0,47.0,38.0,44.0,6.0,6.0,40.0,44.0
2016-10-25,35.0,19.0,29.0,61.0,65.0,25.0,16.0,13.0,62.0,62.0
2016-10-26,38.0,30.0,28.0,48.0,54.0,28.0,13.0,9.0,43.0,68.0
2016-10-27,28.0,14.0,25.0,58.0,55.0,38.0,14.0,17.0,48.0,46.0
2016-10-28,26.0,18.0,23.0,42.0,51.0,34.0,11.0,6.0,45.0,70.0
2016-10-29,13.0,6.0,7.0,31.0,30.0,7.0,2.0,6.0,27.0,24.0
2016-10-30,9.0,2.0,9.0,18.0,9.0,7.0,1.0,2.0,12.0,10.0
2016-10-31,26.0,11.0,36.0,68.0,56.0,22.0,10.0,10.0,59.0,49.0
2016-11-01,29.0,16.0,39.0,55.0,59.0,39.0,15.0,12.0,47.0,56.0
2016-11-02,54.0,20.0,25.0,58.0,56.0,32.0,17.0,15.0,55.0,58.0
2016-11-03,42.0,12.0,29.0,76.0,66.0,32.0,11.0,11.0,53.0,63.0
2016-11-04,30.0,19.0,20.0,55.0,34.0,32.0,12.0,8.0,12.0,52.0
2016-11-05,8.0,3.0,10.0,20.0,27.0,3.0,3.0,6.0,21.0,14.0
2016-11-06,15.0,3.0,10.0,28.0,23.0,6.0,4.0,3.0,29.0,9.0
2016-11-07,33.0,14.0,19.0,45.0,42.0,16.0,13.0,11.0,25.0,58.0
2016-11-08,44.0,26.0,24.0,59.0,53.0,40.0,5.0,8.0,49.0,55.0
2016-11-09,30.0,15.0,23.0,60.0,63.0,21.0,8.0,13.0,61.0,44.0
2016-11-10,32.0,11.0,25.0,43.0,45.0,28.0,8.0,6.0,36.0,49.0
2016-11-11,19.0,14.0,15.0,37.0,42.0,10.0,12.0,10.0,32.0,16.0
2016-11-12,8.0,3.0,9.0,22.0,14.0,9.0,4.0,6.0,20.0,13.0
2016-11-13,10.0,10.0,9.0,22.0,9.0,10.0,4.0,5.0,17.0,10.0
2016-11-14,39.0,18.0,33.0,43.0,43.0,47.0,5.0,6.0,39.0,38.0
2016-11-15,37.0,21.0,32.0,44.0,31.0,36.0,7.0,10.0,30.0,45.0
2016-11-16,49.0,13.0,23.0,57.0,47.0,35.0,12.0,9.0,36.0,51.0
2016-11-17,40.0,13.0,29.0,61.0,43.0,30.0,12.0,14.0,38.0,52.0
2016-11-18,30.0,22.0,32.0,48.0,42.0,28.0,8.0,10.0,26.0,31.0
2016-11-19,8.0,9.0,12.0,18.0,13.0,8.0,4.0,4.0,14.0,13.0
2016-11-20,2.0,3.0,10.0,16.0,22.0,14.0,3.0,8.0,16.0,8.0
2016-11-21,27.0,14.0,22.0,40.0,45.0,28.0,9.0,9.0,42.0,34.0
2016-11-22,44.0,11.0,32.0,44.0,43.0,38.0,12.0,11.0,59.0,49.0
2016-11-23,30.0,13.0,30.0,38.0,43.0,39.0,3.0,12.0,40.0,40.0
2016-11-24,6.0,2.0,3.0,12.0,12.0,11.0,1.0,4.0,10.0,15.0
2016-11-25,17.0,1.0,16.0,17.0,18.0,13.0,10.0,7.0,14.0,21.0
2016-11-26,8.0,8.0,11.0,12.0,17.0,8.0,5.0,10.0,17.0,12.0
2016-11-27,9.0,3.0,12.0,12.0,17.0,3.0,2.0,3.0,10.0,10.0
2016-11-28,35.0,11.0,23.0,19.0,32.0,36.0,8.0,12.0,26.0,41.0
2016-11-29,23.0,11.0,24.0,48.0,34.0,18.0,9.0,11.0,27.0,31.0
2016-11-30,50.0,18.0,29.0,39.0,60.0,33.0,14.0,14.0,45.0,61.0
2016-12-01,33.0,27.0,29.0,59.0,43.0,32.0,11.0,19.0,48.0,33.0
2016-12-02,30.0,19.0,32.0,42.0,28.0,29.0,10.0,13.0,24.0,38.0
2016-12-03,13.0,3.0,8.0,26.0,15.0,9.0,2.0,6.0,15.0,1.0
2016-12-04,10.0,7.0,6.0,21.0,22.0,10.0,3.0,5.0,32.0,11.0
2016-12-05,45.0,12.0,22.0,42.0,32.0,26.0,6.0,11.0,39.0,40.0
2016-12-06,53.0,23.0,30.0,58.0,55.0,37.0,7.0,14.0,41.0,41.0
2016-12-07,42.0,18.0,28.0,54.0,44.0,38.0,10.0,12.0,40.0,55.0
2016-12-08,28.0,14.0,25.0,42.0,42.0,34.0,12.0,13.0,32.0,32.0
2016-12-09,27.0,10.0,19.0,31.0,29.0,31.0,10.0,6.0,21.0,40.0
2016-12-10,9.0,3.0,15.0,17.0,16.0,15.0,3.0,7.0,14.0,14.0
2016-12-11,8.0,6.0,9.0,11.0,12.0,5.0,3.0,2.0,17.0,11.0
2016-12-12,26.0,18.0,30.0,77.0,70.0,34.0,10.0,8.0,44.0,35.0
2016-12-13,43.0,19.0,23.0,42.0,46.0,38.0,13.0,19.0,36.0,46.0
2016-12-14,31.0,21.0,20.0,44.0,40.0,28.0,13.0,18.0,39.0,47.0
2016-12-15,30.0,16.0,20.0,53.0,46.0,30.0,3.0,15.0,32.0,39.0
2016-12-16,21.0,17.0,19.0,59.0,45.0,21.0,2.0,5.0,45.0,44.0
2016-12-17,13.0,9.0,15.0,24.0,19.0,12.0,6.0,9.0,21.0,13.0
2016-12-18,5.0,4.0,7.0,18.0,31.0,7.0,1.0,4.0,13.0,10.0
2016-12-19,31.0,20.0,24.0,49.0,51.0,29.0,9.0,7.0,38.0,39.0
2016-12-20,36.0,14.0,37.0,63.0,48.0,35.0,6.0,18.0,39.0,36.0
2016-12-21,34.0,21.0,26.0,37.0,35.0,29.0,12.0,14.0,33.0,47.0
2016-12-22,32.0,16.0,23.0,33.0,43.0,23.0,10.0,9.0,41.0,45.0
2016-12-23,20.0,11.0,19.0,26.0,31.0,25.0,6.0,13.0,27.0,36.0
2016-12-24,5.0,2.0,4.0,9.0,11.0,8.0,null,3.0,8.0,6.0
2016-12-25,2.0,1.0,2.0,13.0,6.0,4.0,null,1.0,8.0,7.0
2016-12-26,9.0,6.0,8.0,18.0,10.0,6.0,3.0,4.0,19.0,6.0
2016-12-27,20.0,13.0,11.0,48.0,42.0,39.0,8.0,5.0,49.0,28.0
2016-12-28,29.0,21.0,20.0,52.0,45.0,25.0,5.0,13.0,39.0,36.0
2016-12-29,31.0,14.0,25.0,40.0,29.0,30.0,9.0,12.0,40.0,41.0
2016-12-30,25.0,13.0,14.0,40.0,35.0,18.0,7.0,7.0,30.0,28.0
2016-12-31,11.0,5.0,10.0,8.0,7.0,9.0,7.0,5.0,11.0,8.0
2017-01-01,3.0,null,4.0,9.0,6.0,4.0,3.0,4.0,8.0,9.0
2017-01-02,12.0,12.0,13.0,22.0,21.0,9.0,4.0,4.0,26.0,9.0
2017-01-03,30.0,17.0,26.0,48.0,48.0,22.0,11.0,15.0,42.0,30.0
2017-01-04,45.0,19.0,33.0,57.0,63.0,32.0,11.0,7.0,47.0,46.0
2017-01-05,24.0,20.0,24.0,56.0,41.0,35.0,11.0,8.0,46.0,47.0
2017-01-06,39.0,14.0,32.0,45.0,38.0,33.0,8.0,11.0,39.0,33.0
2017-01-07,7.0,5.0,12.0,24.0,22.0,4.0,3.0,5.0,21.0,11.0
2017-01-08,11.0,6.0,12.0,20.0,15.0,9.0,4.0,1.0,25.0,9.0
2017-01-09,27.0,16.0,20.0,50.0,32.0,29.0,12.0,9.0,25.0,35.0
2017-01-10,50.0,17.0,30.0,52.0,45.0,37.0,11.0,9.0,55.0,45.0
2017-01-11,19.0,26.0,27.0,51.0,40.0,30.0,10.0,20.0,50.0,47.0
2017-01-12,31.0,14.0,28.0,30.0,28.0,31.0,10.0,7.0,30.0,37.0
2017-01-13,31.0,12.0,33.0,49.0,28.0,38.0,10.0,6.0,51.0,52.0
2017-01-14,14.0,7.0,9.0,23.0,25.0,5.0,3.0,6.0,18.0,12.0
2017-01-15,5.0,7.0,8.0,20.0,20.0,9.0,4.0,2.0,16.0,10.0
2017-01-16,6.0,9.0,18.0,27.0,28.0,15.0,3.0,7.0,24.0,17.0
2017-01-17,28.0,12.0,32.0,37.0,34.0,23.0,11.0,17.0,38.0,35.0
2017-01-18,55.0,18.0,21.0,55.0,47.0,40.0,89.0,13.0,53.0,41.0
2017-01-19,46.0,16.0,34.0,46.0,45.0,37.0,1195.0,20.0,41.0,58.0
2017-01-20,34.0,14.0,26.0,59.0,51.0,31.0,895.0,12.0,56.0,27.0
2017-01-21,21.0,9.0,18.0,23.0,15.0,7.0,260.0,9.0,26.0,15.0
2017-01-22,13.0,6.0,18.0,17.0,22.0,3.0,123.0,3.0,17.0,10.0
2017-01-23,44.0,24.0,41.0,46.0,33.0,39.0,219.0,13.0,42.0,56.0
2017-01-24,50.0,22.0,39.0,72.0,71.0,45.0,218.0,14.0,59.0,43.0
2017-01-25,34.0,17.0,27.0,59.0,48.0,37.0,158.0,12.0,63.0,49.0
2017-01-26,30.0,24.0,25.0,41.0,36.0,35.0,236.0,8.0,48.0,36.0
2017-01-27,37.0,12.0,26.0,49.0,50.0,19.0,112.0,15.0,36.0,34.0
2017-01-28,6.0,14.0,7.0,22.0,16.0,11.0,38.0,3.0,14.0,17.0
2017-01-29,6.0,3.0,9.0,18.0,13.0,8.0,35.0,5.0,17.0,9.0
2017-01-30,32.0,14.0,23.0,49.0,46.0,27.0,87.0,15.0,36.0,31.0
2017-01-31,60.0,18.0,28.0,66.0,38.0,35.0,80.0,10.0,61.0,37.0
2017-02-01,43.0,17.0,34.0,62.0,55.0,39.0,67.0,27.0,49.0,42.0
2017-02-02,45.0,20.0,35.0,69.0,65.0,38.0,61.0,15.0,75.0,39.0
2017-02-03,32.0,18.0,33.0,57.0,55.0,30.0,83.0,18.0,49.0,41.0
2017-02-04,10.0,13.0,9.0,36.0,21.0,11.0,30.0,5.0,26.0,18.0
2017-02-05,8.0,8.0,9.0,20.0,20.0,9.0,33.0,7.0,23.0,7.0
2017-02-06,25.0,15.0,21.0,50.0,38.0,30.0,74.0,12.0,40.0,35.0
2017-02-07,43.0,21.0,39.0,63.0,58.0,37.0,139.0,16.0,48.0,36.0
2017-02-08,42.0,18.0,33.0,58.0,64.0,35.0,93.0,16.0,85.0,44.0
2017-02-09,36.0,18.0,27.0,48.0,49.0,33.0,81.0,9.0,58.0,31.0
2017-02-10,27.0,10.0,28.0,40.0,51.0,19.0,83.0,15.0,58.0,27.0
2017-02-11,8.0,6.0,16.0,31.0,28.0,11.0,59.0,4.0,21.0,10.0
2017-02-12,9.0,10.0,10.0,29.0,34.0,9.0,24.0,8.0,30.0,11.0
2017-02-13,39.0,22.0,30.0,43.0,35.0,28.0,70.0,9.0,41.0,45.0
2017-02-14,43.0,23.0,33.0,55.0,46.0,25.0,75.0,8.0,48.0,40.0
2017-02-15,41.0,15.0,29.0,71.0,64.0,28.0,83.0,13.0,69.0,37.0
2017-02-16,37.0,17.0,38.0,50.0,40.0,28.0,76.0,10.0,40.0,37.0
2017-02-17,29.0,18.0,21.0,49.0,44.0,21.0,55.0,10.0,45.0,36.0
2017-02-18,12.0,8.0,14.0,21.0,12.0,9.0,16.0,7.0,8.0,9.0
2017-02-19,1.0,4.0,7.0,25.0,21.0,3.0,18.0,4.0,22.0,5.0
2017-02-20,15.0,10.0,21.0,38.0,22.0,14.0,34.0,9.0,44.0,13.0
2017-02-21,41.0,15.0,30.0,36.0,35.0,30.0,48.0,20.0,50.0,35.0
2017-02-22,34.0,12.0,34.0,38.0,35.0,20.0,57.0,13.0,47.0,40.0
2017-02-23,43.0,14.0,31.0,47.0,48.0,23.0,61.0,14.0,52.0,31.0
2017-02-24,28.0,17.0,22.0,54.0,52.0,27.0,33.0,14.0,60.0,43.0
2017-02-25,9.0,12.0,14.0,28.0,19.0,7.0,18.0,7.0,25.0,15.0
2017-02-26,9.0,6.0,9.0,31.0,32.0,10.0,20.0,5.0,31.0,7.0
2017-02-27,26.0,11.0,17.0,45.0,48.0,22.0,40.0,10.0,54.0,22.0
2017-02-28,40.0,17.0,29.0,57.0,49.0,32.0,52.0,19.0,54.0,45.0
2017-03-01,29.0,18.0,29.0,51.0,50.0,33.0,60.0,18.0,55.0,46.0
2017-03-02,37.0,15.0,28.0,47.0,47.0,27.0,45.0,11.0,48.0,39.0
2017-03-03,28.0,18.0,29.0,38.0,30.0,19.0,36.0,16.0,39.0,31.0
2017-03-04,10.0,6.0,9.0,22.0,16.0,12.0,26.0,11.0,22.0,11.0
2017-03-05,7.0,3.0,7.0,16.0,19.0,9.0,14.0,5.0,14.0,9.0
2017-03-06,32.0,16.0,31.0,35.0,43.0,23.0,38.0,9.0,47.0,29.0
2017-03-07,37.0,18.0,20.0,59.0,63.0,34.0,61.0,21.0,65.0,47.0
2017-03-08,38.0,18.0,26.0,57.0,59.0,29.0,45.0,17.0,63.0,40.0
2017-03-09,33.0,19.0,35.0,56.0,55.0,36.0,36.0,11.0,53.0,43.0
2017-03-10,37.0,17.0,20.0,38.0,35.0,22.0,35.0,16.0,31.0,36.0
2017-03-11,10.0,4.0,8.0,14.0,12.0,11.0,16.0,7.0,15.0,13.0
2017-03-12,11.0,3.0,5.0,12.0,13.0,6.0,18.0,3.0,17.0,4.0
2017-03-13,29.0,11.0,28.0,32.0,47.0,24.0,47.0,13.0,46.0,39.0
2017-03-14,38.0,18.0,29.0,78.0,67.0,42.0,44.0,20.0,63.0,41.0
2017-03-15,40.0,25.0,22.0,49.0,50.0,31.0,42.0,16.0,60.0,48.0
2017-03-16,42.0,24.0,27.0,45.0,64.0,30.0,37.0,12.0,54.0,36.0
2017-03-17,26.0,15.0,24.0,44.0,42.0,31.0,59.0,10.0,45.0,18.0
2017-03-18,6.0,6.0,12.0,24.0,15.0,7.0,27.0,5.0,15.0,9.0
2017-03-19,8.0,6.0,11.0,34.0,20.0,4.0,19.0,4.0,19.0,10.0
2017-03-20,33.0,19.0,35.0,43.0,36.0,21.0,33.0,17.0,34.0,36.0
2017-03-21,40.0,26.0,24.0,70.0,54.0,33.0,42.0,23.0,64.0,43.0
2017-03-22,40.0,32.0,27.0,71.0,76.0,27.0,39.0,13.0,69.0,41.0
2017-03-23,31.0,19.0,22.0,50.0,40.0,29.0,38.0,13.0,47.0,29.0
2017-03-24,28.0,14.0,32.0,41.0,44.0,30.0,24.0,9.0,47.0,25.0
2017-03-25,10.0,10.0,6.0,27.0,18.0,11.0,10.0,3.0,24.0,11.0
2017-03-26,12.0,4.0,12.0,28.0,20.0,5.0,12.0,5.0,23.0,7.0
2017-03-27,44.0,10.0,26.0,57.0,53.0,29.0,41.0,10.0,44.0,48.0
2017-03-28,37.0,18.0,33.0,48.0,52.0,18.0,58.0,15.0,57.0,21.0
2017-03-29,21.0,22.0,30.0,67.0,72.0,27.0,60.0,8.0,65.0,37.0
2017-03-30,27.0,9.0,28.0,61.0,52.0,26.0,44.0,9.0,58.0,30.0
2017-03-31,30.0,16.0,24.0,75.0,53.0,20.0,29.0,16.0,49.0,34.0
2017-04-01,4.0,6.0,5.0,29.0,32.0,11.0,18.0,1.0,34.0,6.0
2017-04-02,4.0,6.0,6.0,16.0,16.0,4.0,11.0,2.0,23.0,4.0
2017-04-03,28.0,14.0,21.0,62.0,57.0,22.0,46.0,16.0,56.0,30.0
2017-04-04,37.0,22.0,26.0,81.0,65.0,22.0,71.0,15.0,62.0,36.0
2017-04-05,35.0,22.0,32.0,75.0,59.0,21.0,51.0,21.0,63.0,32.0
2017-04-06,27.0,10.0,37.0,46.0,54.0,37.0,40.0,19.0,46.0,45.0
2017-04-07,33.0,15.0,24.0,49.0,47.0,29.0,34.0,8.0,48.0,33.0
2017-04-08,11.0,5.0,7.0,33.0,29.0,5.0,16.0,3.0,32.0,10.0
2017-04-09,4.0,9.0,10.0,42.0,51.0,7.0,12.0,2.0,55.0,4.0
2017-04-10,34.0,17.0,20.0,76.0,68.0,26.0,67.0,6.0,58.0,34.0
2017-04-11,38.0,10.0,19.0,67.0,58.0,25.0,50.0,14.0,59.0,38.0
2017-04-12,35.0,20.0,29.0,76.0,76.0,33.0,46.0,8.0,62.0,41.0
2017-04-13,33.0,15.0,18.0,65.0,41.0,21.0,44.0,7.0,47.0,29.0
2017-04-14,27.0,19.0,24.0,86.0,61.0,19.0,36.0,9.0,59.0,27.0
2017-04-15,13.0,11.0,11.0,34.0,27.0,11.0,22.0,6.0,23.0,8.0
2017-04-16,6.0,4.0,8.0,25.0,30.0,9.0,16.0,1.0,24.0,7.0
2017-04-17,27.0,13.0,21.0,50.0,57.0,20.0,30.0,13.0,52.0,26.0
2017-04-18,38.0,17.0,14.0,56.0,69.0,29.0,33.0,21.0,63.0,31.0
2017-04-19,35.0,27.0,26.0,78.0,66.0,37.0,51.0,17.0,83.0,42.0
2017-04-20,31.0,18.0,22.0,60.0,62.0,31.0,42.0,9.0,46.0,35.0
2017-04-21,22.0,10.0,23.0,65.0,52.0,21.0,35.0,13.0,59.0,28.0
2017-04-22,null,2.0,null,null,1.0,null,null,null,1.0,2.0
2017-04-24,34.0,21.0,21.0,94.0,74.0,32.0,26.0,9.0,85.0,36.0
2017-04-25,34.0,23.0,32.0,94.0,87.0,15.0,36.0,13.0,88.0,39.0
2017-04-26,30.0,15.0,31.0,111.0,144.0,30.0,26.0,10.0,114.0,34.0
2017-04-27,26.0,18.0,26.0,99.0,94.0,35.0,39.0,20.0,91.0,24.0
2017-04-28,31.0,19.0,26.0,69.0,65.0,22.0,34.0,14.0,60.0,31.0
2017-04-29,9.0,10.0,10.0,43.0,37.0,12.0,16.0,5.0,39.0,10.0
2017-04-30,13.0,6.0,7.0,28.0,37.0,12.0,13.0,6.0,45.0,14.0
2017-05-01,38.0,9.0,20.0,61.0,61.0,35.0,29.0,11.0,63.0,40.0
2017-05-02,31.0,21.0,21.0,92.0,113.0,28.0,30.0,6.0,92.0,32.0
2017-05-03,32.0,19.0,31.0,85.0,79.0,38.0,33.0,11.0,69.0,40.0
2017-05-04,40.0,15.0,39.0,67.0,77.0,36.0,41.0,17.0,76.0,25.0
2017-05-05,38.0,19.0,32.0,79.0,86.0,46.0,25.0,16.0,77.0,34.0
2017-05-06,9.0,3.0,6.0,33.0,37.0,15.0,8.0,4.0,30.0,6.0
2017-05-07,8.0,3.0,7.0,39.0,33.0,8.0,7.0,6.0,35.0,6.0
2017-05-08,22.0,23.0,20.0,94.0,86.0,35.0,26.0,16.0,86.0,33.0
2017-05-09,31.0,14.0,20.0,102.0,91.0,32.0,25.0,19.0,99.0,39.0
2017-05-10,24.0,16.0,30.0,63.0,77.0,34.0,23.0,10.0,74.0,26.0
2017-05-11,29.0,15.0,20.0,72.0,53.0,34.0,26.0,8.0,53.0,21.0
2017-05-12,23.0,13.0,23.0,51.0,53.0,32.0,26.0,11.0,57.0,30.0
2017-05-13,6.0,5.0,17.0,32.0,24.0,9.0,18.0,4.0,36.0,9.0
2017-05-14,7.0,6.0,11.0,20.0,15.0,11.0,7.0,5.0,21.0,7.0
2017-05-15,25.0,13.0,23.0,67.0,62.0,21.0,29.0,7.0,54.0,32.0
2017-05-16,31.0,17.0,21.0,96.0,80.0,24.0,25.0,15.0,85.0,34.0
2017-05-17,20.0,21.0,22.0,79.0,61.0,28.0,28.0,8.0,76.0,28.0
2017-05-18,36.0,16.0,32.0,86.0,64.0,14.0,21.0,13.0,65.0,26.0
2017-05-19,36.0,19.0,22.0,84.0,64.0,25.0,16.0,7.0,64.0,20.0
2017-05-20,15.0,5.0,9.0,26.0,25.0,12.0,11.0,12.0,33.0,17.0
2017-05-21,11.0,4.0,14.0,37.0,27.0,15.0,9.0,9.0,23.0,12.0
2017-05-22,29.0,22.0,17.0,72.0,55.0,33.0,23.0,13.0,67.0,34.0
2017-05-23,33.0,10.0,20.0,92.0,85.0,24.0,27.0,19.0,82.0,32.0
2017-05-24,33.0,14.0,27.0,86.0,70.0,34.0,33.0,18.0,62.0,35.0
2017-05-25,32.0,11.0,25.0,74.0,50.0,33.0,23.0,8.0,57.0,25.0
2017-05-26,31.0,15.0,12.0,83.0,70.0,25.0,31.0,13.0,76.0,20.0
2017-05-27,9.0,8.0,11.0,28.0,38.0,10.0,5.0,5.0,31.0,13.0
2017-05-28,6.0,5.0,6.0,25.0,28.0,7.0,3.0,4.0,34.0,5.0
2017-05-29,4.0,9.0,5.0,30.0,27.0,2.0,10.0,6.0,28.0,7.0
2017-05-30,33.0,9.0,17.0,84.0,52.0,25.0,21.0,16.0,90.0,26.0
2017-05-31,40.0,15.0,26.0,79.0,70.0,44.0,27.0,10.0,69.0,23.0
2017-06-01,28.0,17.0,29.0,78.0,80.0,26.0,27.0,11.0,87.0,25.0
2017-06-02,26.0,27.0,29.0,60.0,60.0,39.0,19.0,14.0,55.0,29.0
2017-06-03,6.0,9.0,11.0,48.0,47.0,16.0,9.0,5.0,40.0,9.0
2017-06-04,10.0,8.0,11.0,24.0,24.0,7.0,6.0,5.0,24.0,3.0
2017-06-05,15.0,16.0,18.0,70.0,52.0,23.0,18.0,10.0,51.0,16.0
2017-06-06,36.0,19.0,20.0,71.0,62.0,32.0,27.0,6.0,71.0,36.0
2017-06-07,36.0,15.0,31.0,75.0,64.0,22.0,25.0,10.0,58.0,35.0
2017-06-08,35.0,7.0,23.0,85.0,70.0,41.0,22.0,6.0,75.0,29.0
2017-06-09,16.0,17.0,24.0,77.0,54.0,24.0,12.0,11.0,63.0,30.0
2017-06-10,10.0,9.0,6.0,35.0,32.0,13.0,5.0,9.0,28.0,22.0
2017-06-11,5.0,5.0,7.0,28.0,28.0,6.0,7.0,1.0,18.0,9.0
2017-06-12,31.0,15.0,27.0,65.0,65.0,26.0,14.0,13.0,61.0,18.0
2017-06-13,38.0,17.0,30.0,75.0,67.0,24.0,24.0,16.0,59.0,34.0
2017-06-14,25.0,25.0,27.0,75.0,66.0,27.0,27.0,12.0,58.0,25.0
2017-06-15,30.0,21.0,35.0,74.0,72.0,32.0,18.0,4.0,71.0,34.0
2017-06-16,36.0,10.0,19.0,64.0,56.0,33.0,20.0,13.0,63.0,32.0
2017-06-17,19.0,10.0,12.0,28.0,29.0,23.0,9.0,5.0,25.0,17.0
2017-06-18,4.0,4.0,8.0,34.0,30.0,6.0,6.0,2.0,24.0,12.0
2017-06-19,28.0,24.0,20.0,113.0,101.0,23.0,17.0,16.0,95.0,34.0
2017-06-20,28.0,23.0,24.0,91.0,91.0,35.0,22.0,20.0,90.0,40.0
2017-06-21,32.0,22.0,33.0,120.0,102.0,37.0,27.0,14.0,94.0,38.0
2017-06-22,37.0,17.0,27.0,76.0,78.0,30.0,21.0,10.0,69.0,34.0
2017-06-23,30.0,21.0,17.0,53.0,46.0,33.0,27.0,12.0,58.0,45.0
2017-06-24,12.0,5.0,3.0,26.0,14.0,17.0,9.0,7.0,25.0,18.0
2017-06-25,8.0,3.0,3.0,36.0,36.0,18.0,8.0,2.0,39.0,6.0
2017-06-26,23.0,12.0,19.0,66.0,57.0,33.0,18.0,12.0,57.0,43.0
2017-06-27,30.0,20.0,26.0,104.0,109.0,28.0,27.0,11.0,96.0,33.0
2017-06-28,34.0,20.0,28.0,81.0,74.0,32.0,22.0,14.0,74.0,46.0
2017-06-29,23.0,14.0,18.0,80.0,83.0,37.0,23.0,11.0,73.0,28.0
2017-06-30,24.0,14.0,11.0,57.0,47.0,27.0,19.0,11.0,45.0,24.0
2017-07-01,5.0,4.0,7.0,30.0,35.0,9.0,5.0,4.0,28.0,10.0
2017-07-02,4.0,6.0,8.0,37.0,48.0,5.0,6.0,6.0,44.0,2.0
2017-07-03,24.0,12.0,10.0,67.0,62.0,33.0,15.0,16.0,58.0,34.0
2017-07-04,7.0,11.0,7.0,48.0,33.0,8.0,13.0,5.0,40.0,11.0
2017-07-05,29.0,23.0,21.0,90.0,68.0,28.0,25.0,11.0,76.0,27.0
2017-07-06,32.0,13.0,21.0,99.0,88.0,33.0,30.0,6.0,95.0,29.0
2017-07-07,28.0,28.0,11.0,78.0,78.0,41.0,33.0,11.0,81.0,39.0
2017-07-08,12.0,7.0,9.0,47.0,42.0,10.0,9.0,8.0,54.0,9.0
2017-07-09,8.0,3.0,6.0,38.0,34.0,10.0,11.0,5.0,40.0,5.0
2017-07-10,30.0,25.0,17.0,82.0,91.0,30.0,25.0,6.0,81.0,21.0
2017-07-11,32.0,12.0,21.0,82.0,74.0,35.0,23.0,16.0,78.0,36.0
2017-07-12,39.0,29.0,29.0,99.0,92.0,46.0,39.0,7.0,117.0,37.0
2017-07-13,29.0,20.0,15.0,94.0,94.0,30.0,22.0,12.0,114.0,35.0
2017-07-14,21.0,14.0,26.0,81.0,71.0,32.0,33.0,10.0,99.0,25.0
2017-07-15,9.0,15.0,9.0,42.0,45.0,10.0,15.0,8.0,53.0,11.0
2017-07-16,6.0,8.0,9.0,46.0,40.0,10.0,13.0,6.0,47.0,11.0
2017-07-17,29.0,19.0,19.0,101.0,117.0,35.0,32.0,20.0,119.0,31.0
2017-07-18,32.0,35.0,30.0,108.0,90.0,37.0,34.0,9.0,97.0,40.0
2017-07-19,40.0,21.0,32.0,66.0,70.0,33.0,26.0,12.0,68.0,28.0
2017-07-20,27.0,15.0,18.0,77.0,66.0,27.0,21.0,8.0,73.0,22.0
2017-07-21,32.0,13.0,24.0,91.0,92.0,42.0,20.0,9.0,92.0,39.0
2017-07-22,9.0,9.0,12.0,40.0,42.0,16.0,14.0,4.0,53.0,9.0
2017-07-23,9.0,6.0,6.0,52.0,30.0,8.0,10.0,7.0,45.0,8.0
2017-07-24,35.0,18.0,26.0,83.0,80.0,27.0,33.0,9.0,78.0,37.0
2017-07-25,27.0,17.0,21.0,98.0,82.0,32.0,40.0,16.0,91.0,26.0
2017-07-26,38.0,18.0,22.0,109.0,114.0,28.0,39.0,13.0,121.0,41.0
2017-07-27,35.0,23.0,18.0,90.0,92.0,39.0,29.0,19.0,105.0,29.0
2017-07-28,42.0,17.0,29.0,75.0,73.0,29.0,22.0,14.0,74.0,26.0
2017-07-29,8.0,3.0,11.0,63.0,46.0,11.0,7.0,6.0,55.0,11.0
2017-07-30,10.0,8.0,9.0,32.0,43.0,9.0,7.0,6.0,39.0,10.0
2017-07-31,32.0,18.0,17.0,79.0,71.0,29.0,33.0,22.0,66.0,34.0
2017-08-01,32.0,18.0,24.0,128.0,105.0,38.0,28.0,14.0,127.0,47.0
2017-08-02,28.0,23.0,19.0,96.0,102.0,40.0,26.0,16.0,100.0,44.0
2017-08-03,25.0,24.0,19.0,88.0,87.0,36.0,35.0,8.0,95.0,36.0
2017-08-04,26.0,20.0,24.0,77.0,76.0,31.0,23.0,8.0,77.0,29.0
2017-08-05,10.0,6.0,11.0,52.0,37.0,9.0,11.0,7.0,37.0,12.0
2017-08-06,8.0,8.0,3.0,27.0,29.0,6.0,6.0,5.0,31.0,10.0
2017-08-07,23.0,16.0,33.0,88.0,79.0,23.0,32.0,12.0,78.0,33.0
2017-08-08,37.0,26.0,25.0,87.0,88.0,36.0,41.0,13.0,98.0,27.0
2017-08-09,35.0,19.0,23.0,78.0,90.0,23.0,31.0,20.0,101.0,41.0
2017-08-10,24.0,19.0,20.0,115.0,103.0,31.0,22.0,13.0,149.0,39.0
2017-08-11,23.0,19.0,26.0,96.0,81.0,26.0,24.0,15.0,92.0,26.0
2017-08-12,7.0,16.0,7.0,55.0,60.0,12.0,9.0,7.0,55.0,12.0
2017-08-13,8.0,11.0,15.0,52.0,49.0,6.0,9.0,6.0,39.0,7.0
2017-08-14,24.0,25.0,34.0,84.0,86.0,27.0,26.0,22.0,79.0,24.0
2017-08-15,32.0,15.0,28.0,91.0,90.0,32.0,28.0,16.0,85.0,22.0
2017-08-16,20.0,20.0,24.0,96.0,89.0,31.0,29.0,17.0,89.0,34.0
2017-08-17,28.0,18.0,20.0,97.0,82.0,25.0,27.0,11.0,102.0,26.0
2017-08-18,25.0,21.0,20.0,68.0,71.0,23.0,32.0,17.0,63.0,17.0
2017-08-19,4.0,9.0,6.0,38.0,33.0,12.0,13.0,6.0,35.0,5.0
2017-08-20,2.0,11.0,11.0,30.0,38.0,7.0,10.0,2.0,36.0,5.0
2017-08-21,27.0,25.0,21.0,100.0,87.0,18.0,22.0,6.0,85.0,21.0
2017-08-22,32.0,18.0,29.0,86.0,87.0,21.0,22.0,9.0,101.0,29.0
2017-08-23,28.0,16.0,16.0,79.0,85.0,21.0,12.0,14.0,78.0,36.0
2017-08-24,30.0,17.0,18.0,90.0,83.0,21.0,21.0,10.0,91.0,23.0
2017-08-25,21.0,24.0,21.0,84.0,83.0,19.0,19.0,6.0,80.0,21.0
2017-08-26,6.0,6.0,8.0,27.0,34.0,5.0,11.0,7.0,32.0,7.0
2017-08-27,5.0,5.0,6.0,35.0,33.0,6.0,4.0,7.0,26.0,5.0
2017-08-28,22.0,29.0,12.0,106.0,95.0,26.0,21.0,15.0,86.0,28.0
2017-08-29,30.0,18.0,18.0,84.0,93.0,25.0,26.0,13.0,76.0,33.0
2017-08-30,31.0,21.0,28.0,83.0,84.0,25.0,23.0,18.0,88.0,34.0
2017-08-31,33.0,14.0,18.0,71.0,75.0,27.0,20.0,8.0,71.0,39.0
2017-09-01,13.0,14.0,23.0,55.0,66.0,24.0,9.0,8.0,70.0,29.0
2017-09-02,7.0,11.0,11.0,34.0,27.0,14.0,5.0,5.0,37.0,15.0
2017-09-03,10.0,9.0,7.0,23.0,26.0,12.0,11.0,6.0,19.0,9.0
2017-09-04,8.0,6.0,7.0,44.0,36.0,6.0,10.0,2.0,29.0,6.0
2017-09-05,21.0,15.0,16.0,72.0,62.0,23.0,15.0,12.0,72.0,25.0
2017-09-06,25.0,23.0,16.0,99.0,70.0,28.0,22.0,9.0,86.0,16.0
2017-09-07,19.0,23.0,24.0,92.0,77.0,23.0,18.0,8.0,76.0,25.0
2017-09-08,24.0,23.0,18.0,2731.0,172.0,24.0,20.0,9.0,113.0,28.0
2017-09-09,17.0,12.0,6.0,2318.0,95.0,10.0,6.0,4.0,63.0,10.0
2017-09-10,9.0,14.0,9.0,367.0,44.0,11.0,8.0,3.0,53.0,12.0
2017-09-11,24.0,15.0,19.0,527.0,94.0,23.0,18.0,6.0,92.0,33.0
2017-09-12,24.0,17.0,16.0,456.0,101.0,39.0,20.0,11.0,116.0,35.0
2017-09-13,35.0,17.0,26.0,547.0,198.0,31.0,29.0,11.0,243.0,38.0
2017-09-14,35.0,11.0,24.0,339.0,138.0,42.0,11.0,14.0,135.0,36.0
2017-09-15,18.0,24.0,20.0,246.0,95.0,33.0,26.0,11.0,101.0,25.0
2017-09-16,14.0,9.0,12.0,97.0,44.0,17.0,10.0,3.0,44.0,16.0
2017-09-17,11.0,7.0,8.0,77.0,38.0,16.0,8.0,8.0,38.0,8.0
2017-09-18,30.0,23.0,21.0,174.0,77.0,21.0,23.0,14.0,89.0,24.0
2017-09-19,30.0,25.0,26.0,173.0,113.0,30.0,24.0,17.0,109.0,21.0
2017-09-20,27.0,24.0,26.0,136.0,97.0,26.0,27.0,15.0,91.0,34.0
2017-09-21,34.0,23.0,28.0,149.0,82.0,38.0,23.0,15.0,96.0,33.0
2017-09-22,33.0,31.0,28.0,139.0,94.0,35.0,25.0,16.0,85.0,31.0
2017-09-23,10.0,11.0,12.0,55.0,30.0,15.0,8.0,7.0,38.0,10.0
2017-09-24,19.0,7.0,14.0,71.0,52.0,12.0,11.0,7.0,43.0,8.0
2017-09-25,20.0,24.0,18.0,104.0,57.0,34.0,12.0,14.0,65.0,34.0
2017-09-26,30.0,32.0,34.0,148.0,106.0,39.0,23.0,17.0,107.0,30.0
2017-09-27,29.0,19.0,32.0,168.0,101.0,33.0,18.0,21.0,96.0,42.0
2017-09-28,26.0,29.0,16.0,134.0,93.0,20.0,25.0,14.0,102.0,26.0
2017-09-29,35.0,17.0,21.0,111.0,67.0,34.0,18.0,16.0,80.0,28.0
2017-09-30,16.0,16.0,9.0,50.0,38.0,17.0,14.0,8.0,37.0,15.0
2017-10-01,8.0,7.0,8.0,61.0,47.0,9.0,3.0,4.0,44.0,6.0
2017-10-02,28.0,23.0,19.0,116.0,96.0,19.0,15.0,11.0,78.0,25.0
2017-10-03,18.0,27.0,34.0,134.0,106.0,36.0,19.0,13.0,105.0,31.0
2017-10-04,33.0,16.0,27.0,130.0,94.0,27.0,19.0,24.0,91.0,28.0
2017-10-05,31.0,23.0,22.0,101.0,77.0,28.0,28.0,22.0,78.0,29.0
2017-10-06,32.0,20.0,26.0,92.0,48.0,31.0,25.0,11.0,68.0,29.0
2017-10-07,14.0,5.0,11.0,51.0,38.0,12.0,11.0,9.0,34.0,10.0
2017-10-08,3.0,8.0,11.0,60.0,35.0,7.0,7.0,9.0,35.0,7.0
2017-10-09,8.0,20.0,18.0,83.0,58.0,15.0,22.0,9.0,69.0,20.0
2017-10-10,38.0,29.0,13.0,94.0,79.0,20.0,23.0,9.0,85.0,29.0
2017-10-11,27.0,22.0,19.0,104.0,80.0,18.0,23.0,12.0,75.0,26.0
2017-10-12,28.0,14.0,30.0,105.0,91.0,21.0,19.0,16.0,95.0,29.0
2017-10-13,21.0,15.0,27.0,81.0,60.0,30.0,36.0,9.0,62.0,22.0
2017-10-14,8.0,8.0,6.0,47.0,31.0,9.0,8.0,6.0,36.0,14.0
2017-10-15,5.0,9.0,8.0,61.0,38.0,6.0,8.0,9.0,37.0,6.0
2017-10-16,27.0,22.0,25.0,113.0,99.0,31.0,14.0,13.0,93.0,29.0
2017-10-17,38.0,25.0,32.0,102.0,82.0,18.0,33.0,7.0,93.0,37.0
2017-10-18,29.0,18.0,23.0,102.0,74.0,31.0,21.0,12.0,80.0,23.0
2017-10-19,29.0,21.0,19.0,97.0,74.0,36.0,27.0,20.0,77.0,25.0
2017-10-20,29.0,26.0,21.0,84.0,58.0,34.0,12.0,6.0,66.0,25.0
2017-10-21,9.0,10.0,12.0,50.0,31.0,9.0,4.0,5.0,27.0,10.0
2017-10-22,5.0,17.0,17.0,48.0,45.0,8.0,6.0,5.0,39.0,4.0
2017-10-23,24.0,23.0,26.0,106.0,103.0,26.0,22.0,19.0,90.0,43.0
2017-10-24,48.0,28.0,15.0,101.0,100.0,28.0,12.0,18.0,108.0,40.0
2017-10-25,37.0,25.0,25.0,87.0,101.0,27.0,25.0,15.0,74.0,28.0
2017-10-26,30.0,22.0,22.0,103.0,95.0,30.0,14.0,16.0,85.0,26.0
2017-10-27,21.0,18.0,25.0,72.0,78.0,24.0,15.0,17.0,71.0,28.0
2017-10-28,6.0,12.0,12.0,33.0,28.0,18.0,8.0,10.0,28.0,12.0
2017-10-29,2.0,6.0,4.0,56.0,38.0,5.0,6.0,5.0,33.0,9.0
2017-10-30,25.0,29.0,14.0,96.0,78.0,30.0,15.0,11.0,80.0,27.0
2017-10-31,36.0,14.0,34.0,83.0,75.0,37.0,13.0,12.0,61.0,31.0
2017-11-01,28.0,31.0,23.0,67.0,55.0,21.0,22.0,16.0,52.0,31.0
2017-11-02,28.0,20.0,15.0,99.0,94.0,26.0,19.0,14.0,98.0,27.0
2017-11-03,25.0,19.0,27.0,123.0,106.0,28.0,15.0,14.0,113.0,20.0
2017-11-04,6.0,13.0,9.0,44.0,36.0,10.0,7.0,12.0,30.0,6.0
2017-11-05,7.0,7.0,8.0,33.0,31.0,5.0,5.0,6.0,35.0,7.0
2017-11-06,24.0,29.0,17.0,128.0,114.0,17.0,9.0,14.0,116.0,14.0
2017-11-07,25.0,16.0,20.0,100.0,90.0,29.0,9.0,19.0,94.0,22.0
2017-11-08,35.0,21.0,32.0,98.0,77.0,32.0,17.0,22.0,72.0,29.0
2017-11-09,34.0,22.0,20.0,92.0,72.0,26.0,13.0,16.0,75.0,27.0
2017-11-10,14.0,14.0,17.0,62.0,64.0,15.0,15.0,9.0,58.0,19.0
2017-11-11,7.0,10.0,14.0,49.0,47.0,10.0,4.0,4.0,45.0,7.0
2017-11-12,4.0,14.0,10.0,55.0,51.0,6.0,9.0,7.0,57.0,5.0
2017-11-13,25.0,27.0,20.0,91.0,89.0,22.0,12.0,12.0,101.0,24.0
2017-11-14,37.0,32.0,16.0,98.0,102.0,28.0,20.0,15.0,98.0,31.0
2017-11-15,27.0,21.0,28.0,73.0,72.0,27.0,19.0,8.0,68.0,33.0
2017-11-16,35.0,27.0,20.0,94.0,100.0,33.0,41.0,14.0,99.0,25.0
2017-11-17,39.0,17.0,20.0,87.0,79.0,26.0,28.0,9.0,86.0,27.0
2017-11-18,7.0,10.0,12.0,61.0,54.0,20.0,15.0,10.0,51.0,16.0
2017-11-19,13.0,14.0,6.0,35.0,32.0,6.0,8.0,5.0,31.0,6.0
2017-11-20,31.0,26.0,16.0,72.0,67.0,29.0,12.0,9.0,70.0,27.0
2017-11-21,28.0,29.0,27.0,62.0,47.0,29.0,18.0,12.0,56.0,24.0
2017-11-22,26.0,22.0,28.0,50.0,39.0,27.0,13.0,19.0,47.0,21.0
2017-11-23,9.0,19.0,10.0,30.0,32.0,4.0,4.0,11.0,26.0,10.0
2017-11-24,16.0,12.0,11.0,48.0,44.0,17.0,9.0,10.0,48.0,12.0
2017-11-25,10.0,11.0,9.0,25.0,27.0,7.0,6.0,8.0,33.0,10.0
2017-11-26,11.0,15.0,12.0,27.0,29.0,7.0,6.0,3.0,29.0,10.0
2017-11-27,24.0,31.0,29.0,68.0,51.0,34.0,21.0,13.0,63.0,33.0
2017-11-28,47.0,32.0,33.0,80.0,81.0,36.0,18.0,13.0,86.0,36.0
2017-11-29,32.0,34.0,29.0,102.0,98.0,41.0,24.0,15.0,95.0,41.0
2017-11-30,43.0,25.0,18.0,85.0,85.0,39.0,18.0,8.0,87.0,33.0
2017-12-01,27.0,27.0,22.0,73.0,69.0,26.0,17.0,14.0,62.0,22.0
2017-12-02,8.0,9.0,7.0,45.0,32.0,8.0,10.0,7.0,38.0,3.0
2017-12-03,10.0,4.0,8.0,25.0,31.0,7.0,4.0,5.0,28.0,10.0
2017-12-04,32.0,21.0,21.0,74.0,68.0,27.0,14.0,12.0,63.0,22.0
2017-12-05,24.0,16.0,22.0,83.0,91.0,30.0,24.0,15.0,83.0,20.0
2017-12-06,31.0,26.0,31.0,77.0,86.0,32.0,21.0,13.0,82.0,23.0
2017-12-07,25.0,33.0,25.0,68.0,60.0,37.0,13.0,14.0,61.0,31.0
2017-12-08,35.0,21.0,19.0,79.0,91.0,26.0,20.0,19.0,86.0,29.0
2017-12-09,12.0,15.0,16.0,48.0,43.0,14.0,7.0,1.0,56.0,11.0
2017-12-10,8.0,20.0,9.0,51.0,55.0,7.0,7.0,3.0,36.0,6.0
2017-12-11,28.0,18.0,16.0,85.0,73.0,35.0,14.0,11.0,72.0,36.0
2017-12-12,36.0,32.0,33.0,86.0,84.0,34.0,19.0,14.0,82.0,23.0
2017-12-13,40.0,29.0,24.0,69.0,81.0,29.0,21.0,17.0,70.0,24.0
2017-12-14,21.0,21.0,19.0,98.0,104.0,22.0,12.0,12.0,106.0,32.0
2017-12-15,26.0,21.0,27.0,75.0,76.0,25.0,17.0,12.0,94.0,26.0
2017-12-16,10.0,13.0,14.0,52.0,53.0,6.0,5.0,7.0,37.0,6.0
2017-12-17,11.0,17.0,6.0,60.0,51.0,7.0,3.0,6.0,41.0,7.0
2017-12-18,27.0,19.0,21.0,79.0,81.0,20.0,17.0,17.0,73.0,30.0
2017-12-19,31.0,27.0,25.0,87.0,88.0,30.0,21.0,11.0,90.0,26.0
2017-12-20,37.0,27.0,22.0,76.0,88.0,29.0,15.0,17.0,78.0,33.0
2017-12-21,35.0,22.0,25.0,71.0,73.0,35.0,16.0,9.0,70.0,18.0
2017-12-22,20.0,16.0,22.0,78.0,83.0,19.0,9.0,10.0,67.0,20.0
2017-12-23,11.0,11.0,7.0,38.0,35.0,9.0,2.0,4.0,33.0,6.0
2017-12-24,5.0,4.0,5.0,17.0,14.0,10.0,3.0,6.0,15.0,3.0
2017-12-25,4.0,5.0,5.0,31.0,28.0,2.0,3.0,5.0,25.0,3.0
2017-12-26,22.0,14.0,21.0,78.0,90.0,23.0,7.0,10.0,50.0,20.0
2017-12-27,30.0,18.0,12.0,73.0,90.0,24.0,17.0,10.0,67.0,18.0
2017-12-28,33.0,29.0,28.0,56.0,75.0,30.0,16.0,9.0,74.0,24.0
2017-12-29,15.0,22.0,19.0,100.0,105.0,31.0,15.0,22.0,94.0,32.0
2017-12-30,14.0,14.0,9.0,41.0,52.0,16.0,6.0,3.0,33.0,11.0
2017-12-31,5.0,7.0,5.0,36.0,30.0,4.0,5.0,5.0,33.0,7.0
2018-01-01,2.0,10.0,5.0,31.0,39.0,2.0,8.0,7.0,35.0,6.0
2018-01-02,24.0,22.0,29.0,59.0,76.0,28.0,25.0,20.0,79.0,26.0
2018-01-03,46.0,41.0,34.0,82.0,79.0,42.0,20.0,19.0,85.0,38.0
2018-01-04,33.0,22.0,26.0,88.0,89.0,30.0,16.0,17.0,87.0,18.0
2018-01-05,23.0,36.0,17.0,81.0,85.0,25.0,25.0,25.0,77.0,33.0
2018-01-06,13.0,12.0,10.0,31.0,48.0,9.0,8.0,4.0,36.0,10.0
2018-01-07,6.0,6.0,10.0,56.0,43.0,7.0,8.0,7.0,48.0,8.0
2018-01-08,19.0,27.0,21.0,82.0,96.0,26.0,17.0,12.0,90.0,19.0
2018-01-09,32.0,22.0,20.0,72.0,82.0,37.0,18.0,21.0,96.0,27.0
2018-01-10,26.0,19.0,25.0,85.0,87.0,26.0,13.0,14.0,83.0,28.0
2018-01-11,29.0,44.0,26.0,71.0,77.0,33.0,20.0,10.0,83.0,24.0
2018-01-12,27.0,35.0,21.0,94.0,82.0,25.0,21.0,23.0,108.0,15.0
2018-01-13,10.0,15.0,8.0,63.0,71.0,11.0,15.0,4.0,60.0,11.0
2018-01-14,4.0,16.0,15.0,66.0,72.0,10.0,12.0,3.0,63.0,9.0
2018-01-15,16.0,20.0,11.0,84.0,82.0,13.0,18.0,8.0,90.0,13.0
2018-01-16,35.0,29.0,23.0,100.0,107.0,27.0,21.0,14.0,108.0,37.0
2018-01-17,21.0,23.0,23.0,102.0,98.0,30.0,20.0,19.0,89.0,37.0
2018-01-18,33.0,29.0,25.0,102.0,102.0,32.0,15.0,18.0,101.0,36.0
2018-01-19,31.0,30.0,26.0,107.0,109.0,35.0,23.0,15.0,90.0,41.0
2018-01-20,15.0,12.0,13.0,44.0,50.0,12.0,11.0,5.0,38.0,8.0
2018-01-21,7.0,15.0,16.0,48.0,46.0,8.0,11.0,7.0,50.0,9.0
2018-01-22,30.0,28.0,22.0,89.0,95.0,33.0,25.0,12.0,86.0,21.0
2018-01-23,26.0,26.0,25.0,83.0,90.0,39.0,21.0,15.0,73.0,36.0
2018-01-24,28.0,22.0,35.0,92.0,109.0,25.0,15.0,12.0,75.0,34.0
2018-01-25,30.0,32.0,35.0,100.0,101.0,35.0,20.0,20.0,93.0,28.0
2018-01-26,31.0,20.0,27.0,77.0,83.0,36.0,22.0,14.0,81.0,29.0
2018-01-27,17.0,5.0,10.0,51.0,57.0,13.0,7.0,10.0,60.0,16.0
2018-01-28,10.0,5.0,8.0,56.0,50.0,12.0,11.0,4.0,33.0,6.0
2018-01-29,31.0,22.0,29.0,78.0,93.0,21.0,15.0,18.0,82.0,24.0
2018-01-30,30.0,31.0,35.0,100.0,126.0,30.0,25.0,17.0,94.0,31.0
2018-01-31,26.0,25.0,28.0,102.0,115.0,33.0,23.0,18.0,103.0,36.0
2018-02-01,29.0,29.0,26.0,100.0,97.0,39.0,17.0,19.0,96.0,46.0
2018-02-02,29.0,8.0,7.0,83.0,91.0,21.0,15.0,9.0,82.0,24.0
2018-02-03,10.0,13.0,9.0,58.0,57.0,16.0,16.0,10.0,65.0,19.0
2018-02-04,6.0,8.0,9.0,62.0,61.0,10.0,7.0,6.0,41.0,7.0
2018-02-05,23.0,15.0,28.0,90.0,85.0,27.0,19.0,5.0,83.0,28.0
2018-02-06,33.0,30.0,25.0,102.0,99.0,26.0,22.0,18.0,93.0,30.0
2018-02-07,32.0,29.0,22.0,121.0,143.0,45.0,14.0,20.0,108.0,27.0
2018-02-08,36.0,19.0,31.0,87.0,104.0,27.0,19.0,9.0,88.0,26.0
2018-02-09,27.0,31.0,22.0,100.0,107.0,34.0,18.0,13.0,93.0,35.0
2018-02-10,10.0,15.0,11.0,49.0,52.0,13.0,11.0,14.0,53.0,14.0
2018-02-11,9.0,13.0,9.0,74.0,78.0,10.0,10.0,10.0,68.0,14.0
2018-02-12,28.0,21.0,28.0,153.0,166.0,25.0,13.0,14.0,157.0,24.0
2018-02-13,32.0,31.0,22.0,118.0,108.0,30.0,22.0,25.0,102.0,40.0
2018-02-14,22.0,20.0,33.0,84.0,92.0,30.0,14.0,10.0,76.0,31.0
2018-02-15,26.0,30.0,23.0,87.0,88.0,31.0,14.0,20.0,88.0,35.0
2018-02-16,41.0,20.0,19.0,94.0,105.0,30.0,14.0,12.0,86.0,40.0
2018-02-17,18.0,12.0,16.0,41.0,37.0,8.0,5.0,6.0,35.0,6.0
2018-02-18,6.0,14.0,16.0,54.0,47.0,12.0,4.0,2.0,45.0,3.0
2018-02-19,10.0,19.0,17.0,81.0,86.0,17.0,16.0,7.0,66.0,16.0
2018-02-20,26.0,21.0,21.0,106.0,107.0,30.0,16.0,12.0,92.0,21.0
2018-02-21,39.0,34.0,35.0,106.0,117.0,32.0,22.0,14.0,108.0,25.0
2018-02-22,33.0,24.0,32.0,122.0,118.0,41.0,28.0,19.0,109.0,43.0
2018-02-23,29.0,33.0,31.0,81.0,92.0,43.0,13.0,14.0,90.0,23.0
2018-02-24,11.0,10.0,13.0,68.0,61.0,14.0,16.0,8.0,59.0,8.0
2018-02-25,7.0,16.0,18.0,82.0,92.0,8.0,6.0,11.0,61.0,8.0
2018-02-26,22.0,25.0,19.0,99.0,90.0,29.0,17.0,15.0,84.0,27.0
2018-02-27,41.0,40.0,37.0,95.0,121.0,36.0,21.0,20.0,103.0,40.0
2018-02-28,27.0,18.0,29.0,88.0,77.0,39.0,21.0,25.0,79.0,38.0
2018-03-01,30.0,19.0,28.0,84.0,114.0,40.0,19.0,20.0,92.0,32.0
2018-03-02,28.0,27.0,20.0,91.0,102.0,31.0,11.0,23.0,91.0,29.0
2018-03-03,12.0,17.0,7.0,43.0,63.0,13.0,13.0,12.0,48.0,11.0
2018-03-04,9.0,19.0,12.0,51.0,49.0,17.0,9.0,13.0,47.0,11.0
2018-03-05,31.0,27.0,20.0,85.0,76.0,41.0,11.0,20.0,77.0,27.0
2018-03-06,37.0,36.0,27.0,129.0,130.0,34.0,8.0,18.0,107.0,48.0
2018-03-07,30.0,25.0,39.0,101.0,110.0,30.0,20.0,15.0,99.0,34.0
2018-03-08,34.0,35.0,22.0,86.0,87.0,31.0,26.0,8.0,81.0,43.0
2018-03-09,26.0,28.0,24.0,70.0,84.0,33.0,11.0,18.0,68.0,40.0
2018-03-10,8.0,10.0,10.0,53.0,51.0,10.0,11.0,7.0,45.0,8.0
2018-03-11,6.0,15.0,8.0,44.0,49.0,8.0,9.0,6.0,39.0,3.0
2018-03-12,39.0,26.0,22.0,79.0,91.0,30.0,22.0,16.0,84.0,23.0
2018-03-13,21.0,26.0,32.0,100.0,106.0,26.0,28.0,14.0,97.0,36.0
2018-03-14,32.0,29.0,21.0,98.0,104.0,29.0,20.0,11.0,91.0,39.0
2018-03-15,29.0,32.0,29.0,87.0,100.0,22.0,22.0,22.0,91.0,48.0
2018-03-16,25.0,18.0,21.0,64.0,77.0,32.0,16.0,17.0,51.0,32.0
2018-03-17,6.0,13.0,10.0,48.0,54.0,11.0,8.0,10.0,44.0,10.0
2018-03-18,15.0,13.0,8.0,40.0,38.0,8.0,8.0,9.0,52.0,6.0
2018-03-19,34.0,34.0,24.0,121.0,125.0,33.0,25.0,22.0,144.0,25.0
2018-03-20,33.0,33.0,31.0,105.0,102.0,33.0,18.0,21.0,96.0,47.0
2018-03-21,38.0,30.0,34.0,69.0,83.0,18.0,19.0,18.0,87.0,27.0
2018-03-22,31.0,28.0,23.0,115.0,110.0,34.0,28.0,18.0,112.0,37.0
2018-03-23,27.0,29.0,29.0,91.0,84.0,34.0,17.0,11.0,90.0,33.0
2018-03-24,14.0,17.0,8.0,39.0,56.0,11.0,3.0,9.0,36.0,12.0
2018-03-25,8.0,11.0,10.0,53.0,62.0,18.0,12.0,8.0,80.0,13.0
2018-03-26,33.0,26.0,26.0,85.0,91.0,29.0,14.0,19.0,85.0,27.0
2018-03-27,36.0,29.0,27.0,95.0,113.0,42.0,15.0,3.0,103.0,40.0
2018-03-28,39.0,23.0,21.0,96.0,105.0,41.0,31.0,13.0,107.0,27.0
2018-03-29,36.0,26.0,17.0,98.0,118.0,30.0,17.0,9.0,96.0,34.0
2018-03-30,31.0,24.0,23.0,54.0,77.0,25.0,20.0,17.0,66.0,29.0
2018-03-31,11.0,20.0,11.0,32.0,37.0,17.0,6.0,6.0,40.0,10.0
2018-04-01,6.0,7.0,9.0,51.0,43.0,10.0,8.0,2.0,46.0,11.0
2018-04-02,44.0,34.0,28.0,79.0,77.0,47.0,28.0,27.0,77.0,45.0
2018-04-03,42.0,36.0,27.0,101.0,111.0,46.0,14.0,14.0,95.0,30.0
2018-04-04,35.0,31.0,40.0,119.0,121.0,46.0,21.0,23.0,110.0,41.0
2018-04-05,68.0,41.0,33.0,103.0,113.0,70.0,19.0,21.0,94.0,79.0
2018-04-06,46.0,45.0,28.0,67.0,82.0,78.0,18.0,13.0,77.0,71.0
2018-04-07,21.0,23.0,11.0,51.0,49.0,26.0,14.0,16.0,42.0,36.0
2018-04-08,4.0,9.0,11.0,69.0,66.0,11.0,8.0,11.0,72.0,8.0
2018-04-09,22.0,24.0,23.0,131.0,137.0,27.0,14.0,16.0,126.0,30.0
2018-04-10,41.0,31.0,21.0,151.0,161.0,35.0,20.0,17.0,168.0,42.0
2018-04-11,35.0,32.0,29.0,139.0,144.0,33.0,20.0,9.0,135.0,33.0
2018-04-12,39.0,19.0,26.0,139.0,156.0,34.0,29.0,8.0,129.0,30.0
2018-04-13,28.0,14.0,19.0,84.0,94.0,24.0,13.0,11.0,89.0,26.0
2018-04-14,9.0,10.0,9.0,43.0,41.0,9.0,7.0,4.0,39.0,14.0
2018-04-15,10.0,15.0,13.0,35.0,63.0,7.0,9.0,3.0,56.0,12.0
2018-04-16,35.0,22.0,26.0,95.0,96.0,36.0,19.0,15.0,96.0,39.0
2018-04-17,41.0,33.0,19.0,119.0,117.0,30.0,23.0,19.0,120.0,41.0
2018-04-18,32.0,31.0,27.0,88.0,103.0,42.0,27.0,22.0,97.0,54.0
2018-04-19,50.0,34.0,21.0,117.0,122.0,37.0,17.0,21.0,106.0,34.0
2018-04-20,27.0,26.0,23.0,100.0,103.0,31.0,14.0,23.0,100.0,47.0
2018-04-21,7.0,10.0,8.0,40.0,53.0,12.0,10.0,6.0,42.0,15.0
2018-04-22,7.0,5.0,12.0,49.0,49.0,4.0,6.0,6.0,42.0,15.0
2018-04-23,29.0,41.0,23.0,97.0,101.0,34.0,17.0,20.0,94.0,37.0
2018-04-24,41.0,32.0,28.0,132.0,141.0,38.0,17.0,19.0,145.0,56.0
2018-04-25,39.0,32.0,33.0,93.0,111.0,32.0,18.0,6.0,87.0,46.0
2018-04-26,33.0,35.0,16.0,104.0,101.0,33.0,15.0,19.0,90.0,50.0
2018-04-27,30.0,20.0,26.0,94.0,105.0,29.0,27.0,13.0,82.0,38.0
2018-04-28,57.0,8.0,63.0,34.0,34.0,11.0,9.0,5.0,36.0,7.0
2018-04-29,15.0,10.0,16.0,40.0,36.0,13.0,6.0,3.0,28.0,7.0
2018-04-30,43.0,16.0,37.0,83.0,95.0,34.0,17.0,12.0,79.0,21.0
2018-05-01,38.0,32.0,27.0,110.0,131.0,38.0,21.0,17.0,112.0,35.0
2018-05-02,40.0,30.0,25.0,105.0,123.0,35.0,15.0,16.0,107.0,32.0
2018-05-03,38.0,23.0,24.0,73.0,74.0,44.0,15.0,18.0,65.0,36.0
2018-05-04,35.0,31.0,21.0,95.0,90.0,46.0,11.0,14.0,105.0,22.0
2018-05-05,10.0,11.0,10.0,42.0,45.0,13.0,9.0,7.0,49.0,9.0
2018-05-06,15.0,5.0,6.0,52.0,47.0,6.0,5.0,7.0,41.0,8.0
2018-05-07,24.0,31.0,21.0,82.0,78.0,40.0,12.0,21.0,88.0,32.0
2018-05-08,33.0,33.0,28.0,88.0,91.0,39.0,22.0,16.0,88.0,48.0
2018-05-09,27.0,27.0,24.0,65.0,89.0,40.0,14.0,20.0,99.0,34.0
2018-05-10,32.0,21.0,20.0,105.0,97.0,33.0,30.0,13.0,79.0,33.0
2018-05-11,30.0,27.0,19.0,80.0,87.0,24.0,17.0,11.0,74.0,36.0
2018-05-12,8.0,16.0,12.0,55.0,54.0,10.0,8.0,12.0,53.0,9.0
2018-05-13,3.0,13.0,6.0,45.0,41.0,5.0,4.0,10.0,47.0,9.0
2018-05-14,22.0,29.0,28.0,112.0,114.0,41.0,19.0,18.0,113.0,26.0
2018-05-15,42.0,32.0,23.0,123.0,129.0,27.0,20.0,17.0,105.0,34.0
2018-05-16,44.0,29.0,31.0,120.0,129.0,36.0,24.0,16.0,130.0,49.0
2018-05-17,33.0,43.0,20.0,93.0,91.0,44.0,22.0,14.0,78.0,44.0
2018-05-18,25.0,26.0,19.0,73.0,66.0,29.0,17.0,9.0,59.0,38.0
2018-05-19,13.0,13.0,5.0,37.0,56.0,3.0,7.0,9.0,44.0,9.0
2018-05-20,5.0,12.0,5.0,57.0,46.0,8.0,5.0,8.0,47.0,7.0
2018-05-21,31.0,22.0,25.0,96.0,79.0,37.0,9.0,11.0,83.0,22.0
2018-05-22,25.0,29.0,26.0,122.0,105.0,31.0,16.0,16.0,108.0,42.0
2018-05-23,31.0,31.0,21.0,111.0,114.0,41.0,19.0,18.0,107.0,43.0
2018-05-24,29.0,25.0,23.0,100.0,101.0,35.0,18.0,10.0,114.0,33.0
2018-05-25,25.0,20.0,22.0,56.0,65.0,28.0,18.0,5.0,61.0,31.0
2018-05-26,4.0,10.0,2.0,46.0,51.0,8.0,10.0,5.0,46.0,7.0
2018-05-27,8.0,11.0,10.0,52.0,35.0,5.0,6.0,4.0,39.0,3.0
2018-05-28,3.0,19.0,15.0,42.0,39.0,6.0,4.0,3.0,40.0,6.0
2018-05-29,25.0,23.0,20.0,80.0,82.0,18.0,13.0,13.0,77.0,24.0
2018-05-30,38.0,31.0,25.0,107.0,100.0,30.0,14.0,16.0,103.0,33.0
2018-05-31,29.0,34.0,21.0,111.0,102.0,30.0,18.0,24.0,90.0,34.0
2018-06-01,36.0,27.0,12.0,75.0,85.0,32.0,14.0,8.0,62.0,28.0
2018-06-02,14.0,21.0,5.0,56.0,37.0,14.0,10.0,5.0,48.0,12.0
2018-06-03,5.0,9.0,7.0,49.0,47.0,7.0,4.0,5.0,43.0,8.0
2018-06-04,34.0,39.0,27.0,85.0,94.0,28.0,7.0,25.0,90.0,38.0
2018-06-05,35.0,32.0,28.0,128.0,113.0,43.0,12.0,17.0,105.0,36.0
2018-06-06,21.0,38.0,21.0,118.0,114.0,32.0,24.0,17.0,117.0,36.0
2018-06-07,33.0,34.0,20.0,96.0,82.0,26.0,12.0,16.0,84.0,22.0
2018-06-08,20.0,30.0,21.0,85.0,87.0,27.0,12.0,13.0,79.0,31.0
2018-06-09,11.0,1.0,5.0,40.0,41.0,11.0,4.0,6.0,26.0,13.0
2018-06-10,5.0,13.0,7.0,54.0,47.0,8.0,5.0,3.0,37.0,9.0
2018-06-11,16.0,18.0,20.0,92.0,79.0,30.0,12.0,11.0,73.0,23.0
2018-06-12,37.0,35.0,17.0,117.0,116.0,40.0,17.0,8.0,112.0,31.0
2018-06-13,27.0,24.0,16.0,92.0,106.0,27.0,18.0,12.0,96.0,38.0
2018-06-14,18.0,7.0,8.0,106.0,111.0,24.0,15.0,14.0,62.0,19.0
2018-06-15,15.0,6.0,12.0,84.0,82.0,13.0,20.0,7.0,9.0,16.0
2018-06-16,6.0,4.0,3.0,42.0,39.0,4.0,5.0,5.0,null,4.0
2018-06-17,null,null,null,37.0,30.0,3.0,5.0,null,null,4.0
2018-06-18,8.0,3.0,7.0,83.0,87.0,12.0,11.0,4.0,null,9.0
2018-06-19,9.0,1.0,8.0,118.0,93.0,11.0,11.0,null,null,6.0
2018-06-20,1.0,null,4.0,92.0,72.0,11.0,6.0,null,null,10.0
2018-06-21,3.0,null,null,44.0,14.0,3.0,5.0,null,null,4.0
2018-06-22,null,1.0,null,9.0,null,5.0,7.0,null,null,1.0
2018-06-23,null,null,null,2.0,null,1.0,2.0,null,null,1.0
2018-06-24,1.0,null,null,7.0,null,null,3.0,null,null,null
2018-06-25,null,1.0,null,3.0,null,1.0,5.0,null,null,1.0
2018-06-26,null,null,null,null,null,null,null,null,null,3.0
